date,close,return,tweet_count,pos,neu,neg,tweet_day
2020-01-02,28.68400001525879,NA,0,0,0,0,0
2020-01-03,29.534000396728516,0.02963325829792085,0,0,0,0,0
2020-01-06,30.1026668548584,0.01925463704513497,2,0,2,0,1
2020-01-07,31.270666122436523,0.03880052465815398,13,4,9,0,1
2020-01-08,32.80933380126953,0.04920482578812169,2,1,1,0,1
2020-01-09,32.089332580566406,-0.021945011900097344,2,0,2,0,1
2020-01-10,31.876667022705078,-0.006627297633174267,15,6,8,1,1
2020-01-13,34.990665435791016,0.09768895885093332,1,1,0,0,1
2020-01-14,35.861331939697266,0.024882822120200876,7,6,1,0,1
2020-01-15,34.56666564941406,-0.03610201351305786,1,1,0,0,1
2020-01-16,34.232666015625,-0.009662477636014799,6,2,2,2,1
2020-01-17,34.03333282470703,-0.005822894156913949,20,5,15,0,1
2020-01-21,36.47999954223633,0.07189030619278935,7,3,4,0,1
2020-01-22,37.97066879272461,0.04086264444061727,11,4,6,1,1
2020-01-23,38.14666748046875,0.004635122144013071,7,4,3,0,1
2020-01-24,37.654666900634766,-0.012897603180825445,2,1,1,0,1
2020-01-27,37.201332092285156,-0.012039272835579595,3,1,2,0,1
2020-01-28,37.793331146240234,0.015913383222044608,5,1,4,0,1
2020-01-29,38.732666015625,0.024854513769903885,10,4,5,1,1
2020-01-30,42.72066879272461,0.10296225866535558,5,0,4,1,1
2020-01-31,43.371334075927734,0.015230690473505337,17,2,13,2,1
2020-02-03,52,0.19894859376394902,15,8,6,1,1
2020-02-04,59.137332916259766,0.13725640223576474,4,2,2,0,1
2020-02-05,48.97999954223633,-0.1717583947927872,10,2,8,0,1
2020-02-06,49.930667877197266,0.01940931694254422,25,6,17,2,1
2020-02-07,49.871334075927734,-0.001188323805631053,7,3,3,1,1
2020-02-10,51.41866683959961,0.031026496329857656,21,9,12,0,1
2020-02-11,51.62533187866211,0.004019260937028868,0,0,0,0,0
2020-02-12,51.15266799926758,-0.009155657933695438,6,3,3,0,1
2020-02-13,53.599998474121094,0.047843652551780025,2,1,0,1,1
2020-02-14,53.33533477783203,-0.004937755668348531,8,1,7,0,1
2020-02-18,57.22666549682617,0.0729597130158357,5,2,2,1,1
2020-02-19,61.16133117675781,0.06875580895325561,6,2,4,0,1
2020-02-20,59.96066665649414,-0.019631105097986157,16,2,13,1,1
2020-02-21,60.06666564941406,0.0017678087791648256,4,0,3,1,1
2020-02-24,55.58599853515625,-0.07459490327646512,0,0,0,0,0
2020-02-25,53.32733154296875,-0.040633739641448896,14,4,10,0,1
2020-02-26,51.91999816894531,-0.026390470576789893,9,3,5,1,1
2020-02-27,45.266666412353516,-0.1281458395846271,2,0,2,0,1
2020-02-28,44.53266525268555,-0.016215047800994142,2,1,1,0,1
2020-03-02,49.574668884277344,0.11322034293215233,10,3,7,0,1
2020-03-03,49.70066833496094,0.0025416095259802596,10,5,4,1,1
2020-03-04,49.96666717529297,0.0053520173720666975,5,3,2,0,1
2020-03-05,48.30266571044922,-0.033302230445070524,1,1,0,0,1
2020-03-06,46.89866638183594,-0.029066704869448956,1,0,0,1,1
2020-03-09,40.53333282470703,-0.13572525720249962,3,0,3,0,1
2020-03-10,43.02199935913086,0.061398023823663106,18,8,8,2,1
2020-03-11,42.28200149536133,-0.017200452670558586,20,6,11,3,1
2020-03-12,37.369998931884766,-0.11617242301113506,1,0,0,1,1
2020-03-13,36.44133377075195,-0.0248505535904755,0,0,0,0,0
2020-03-16,29.67133331298828,-0.18577806455584012,9,1,5,3,1
2020-03-17,28.68000030517578,-0.03341046380880208,9,3,5,1,1
2020-03-18,24.08133316040039,-0.1603440409986845,13,2,8,3,1
2020-03-19,28.50933265686035,0.1838768421567878,22,3,17,2,1
2020-03-20,28.50200080871582,-2.571736151377735e-4,6,1,4,1,1
2020-03-23,28.952667236328125,0.015811747064244486,16,5,10,1,1
2020-03-24,33.66666793823242,0.16281749323562988,15,5,7,3,1
2020-03-25,35.95000076293945,0.06782176450892674,5,3,1,1,1
2020-03-26,35.21066665649414,-0.020565621439638027,9,0,8,1,1
2020-03-27,34.29066848754883,-0.026128393930185068,11,4,4,3,1
2020-03-30,33.47533416748047,-0.02377714859552571,9,0,9,0,1
2020-03-31,34.93333435058594,0.04355446239344318,7,2,5,0,1
2020-04-01,32.104000091552734,-0.08099239055277141,5,2,3,0,1
2020-04-02,30.29800033569336,-0.05625466454987249,11,3,6,2,1
2020-04-03,32.000667572021484,0.05619734693587186,16,6,10,0,1
2020-04-06,34.41600036621094,0.0754775752334993,13,4,8,1,1
2020-04-07,36.36333465576172,0.05658223700690801,11,2,9,0,1
2020-04-08,36.589332580566406,0.006214994497730331,9,3,6,0,1
2020-04-09,38.20000076293945,0.04402015748241661,10,1,6,3,1
2020-04-13,43.39666748046875,0.13603839302984921,7,1,4,2,1
2020-04-14,47.32600021362305,0.09054457315006381,4,2,2,0,1
2020-04-15,48.65533447265625,0.028088878270565276,1,0,1,0,1
2020-04-16,49.680667877197266,0.021073401625000487,56,16,30,10,1
2020-04-17,50.259334564208984,0.011647723586206471,9,1,8,0,1
2020-04-20,49.75733184814453,-0.009988248360573104,5,3,2,0,1
2020-04-21,45.781333923339844,-0.07990777996173748,8,4,4,0,1
2020-04-22,48.807334899902344,0.06609682849410836,19,6,10,3,1
2020-04-23,47.04199981689453,-0.03616946277907396,20,5,13,2,1
2020-04-24,48.34333419799805,0.02766324531628772,16,5,11,0,1
2020-04-27,53.25,0.10149622245552825,24,6,14,4,1
2020-04-28,51.27466583251953,-0.037095477323576875,1,0,1,0,1
2020-04-29,53.367332458496094,0.040812876924676944,9,2,7,0,1
2020-04-30,52.12533187866211,-0.023272674923369818,17,5,6,6,1
2020-05-01,46.75466537475586,-0.1030337133662409,28,7,16,5,1
2020-05-04,50.74599838256836,0.08536758793631605,18,6,10,2,1
2020-05-05,51.2140007019043,0.009222447764407393,20,6,10,4,1
2020-05-06,52.172000885009766,0.018705825945557253,19,6,12,1,1
2020-05-07,52.00266647338867,-0.003245695176505081,30,9,17,4,1
2020-05-08,54.62799835205078,0.05048456274844226,16,4,11,1,1
2020-05-11,54.08599853515625,-0.0099216488475673,23,11,8,4,1
2020-05-12,53.96066665649414,-0.002317270311292141,17,7,5,5,1
2020-05-13,52.73066711425781,-0.02279437261341355,14,5,8,1,1
2020-05-14,53.55533218383789,0.01563919280204029,8,1,6,1,1
2020-05-15,53.27799987792969,-0.005178425650618879,44,11,21,12,1
2020-05-18,54.242000579833984,0.018093785504579962,3,2,1,0,1
2020-05-19,53.867332458496094,-0.006907343337870575,7,2,4,1,1
2020-05-20,54.37066650390625,0.00934395713390801,1,0,1,0,1
2020-05-21,55.17333221435547,0.01476284478490908,3,1,2,0,1
2020-05-22,54.45866775512695,-0.012953077701596039,13,5,7,1,1
2020-05-26,54.591331481933594,0.0024360442933191173,7,5,2,0,1
2020-05-27,54.68199920654297,0.0016608447192643094,6,1,5,0,1
2020-05-28,53.72066879272461,-0.017580381620416863,0,0,0,0,0
2020-05-29,55.66666793823242,0.03622440280883765,3,1,2,0,1
2020-06-01,59.87333297729492,0.07556883131087,4,2,1,1,1
2020-06-02,58.770668029785156,-0.018416628784101885,1,0,1,0,1
2020-06-03,58.86399841308594,0.0015880436011630472,0,0,0,0,0
2020-06-04,57.62533187866211,-0.021042854169221026,6,2,1,3,1
2020-06-05,59.04399871826172,0.024618805538279664,3,1,2,0,1
2020-06-08,63.327999114990234,0.0725560681818036,10,3,6,1,1
2020-06-09,62.711334228515625,-0.009737634144336038,3,0,2,1,1
2020-06-10,68.336669921875,0.08970205725269786,26,8,15,3,1
2020-06-11,64.85600280761719,-0.0509341048991272,15,3,9,3,1
2020-06-12,62.35200119018555,-0.03860863311078977,0,0,0,0,0
2020-06-15,66.05999755859375,0.059468762792361796,12,3,9,0,1
2020-06-16,65.47533416748047,-0.008850490655781473,20,4,15,1,1
2020-06-17,66.11933135986328,0.009835722116904755,1,0,1,0,1
2020-06-18,66.9306640625,0.012270733625858066,6,1,5,0,1
2020-06-19,66.72666931152344,-0.0030478518902198326,6,0,6,0,1
2020-06-22,66.28800201416016,-0.0065740925163715325,7,1,6,0,1
2020-06-23,66.78533172607422,0.0075025599927995845,3,1,1,1,1
2020-06-24,64.0566635131836,-0.040857298187609414,7,4,3,0,1
2020-06-25,65.73200225830078,0.02615401198303724,8,3,5,0,1
2020-06-26,63.982666015625,-0.026613159231048233,18,7,10,1,1
2020-06-29,67.29000091552734,0.05169110801188981,4,0,3,1,1
2020-06-30,71.987335205078125,0.0698073149894527,8,3,2,3,1
2020-07-01,74.641998291015625,0.03687680726581788,16,5,11,0,1
2020-07-02,80.57733154296875,0.0795173412803385,37,14,14,9,1
2020-07-06,91.43866729736328,0.1347939370342961,7,4,3,0,1
2020-07-07,92.65733337402344,0.013327688522591696,3,1,2,0,1
2020-07-08,91.05867004394531,-0.01725350030984496,2,1,0,1,1
2020-07-09,92.9520034790039,0.020792456491456113,8,1,6,1,1
2020-07-10,102.97666931152344,0.10784776505418647,22,7,13,2,1
2020-07-13,99.80400085449219,-0.030809585105470272,15,5,8,2,1
2020-07-14,101.12000274658203,0.013185863099901995,12,5,7,0,1
2020-07-15,103.06732940673828,0.019257581163604875,16,3,10,3,1
2020-07-16,100.04266357421875,-0.029346504366899673,0,0,0,0,0
2020-07-17,100.05599975585938,1.3330494375263235e-4,2,1,0,1,1
2020-07-20,109.53333282470703,0.09472028755869433,8,3,5,0,1
2020-07-21,104.55733489990234,-0.045429074387502544,14,3,11,0,1
2020-07-22,106.15533447265625,0.015283476518254346,20,5,13,2,1
2020-07-23,100.87133026123047,-0.04977615338574293,11,5,5,1,1
2020-07-24,94.46666717529297,-0.06349339370613127,16,5,7,4,1
2020-07-27,102.63999938964844,0.08652080631985237,26,10,14,2,1
2020-07-28,98.43267059326172,-0.040991122577997974,9,0,7,2,1
2020-07-29,99.94066619873047,0.015320072049045619,9,3,5,1,1
2020-07-30,99.16600036621094,-0.007751257440881121,31,9,18,4,1
2020-07-31,95.384002685546875,-0.03813804798718812,9,6,1,2,1
2020-08-03,99,0.03790989277703116,4,0,4,0,1
2020-08-04,99.133331298828125,0.0013467807962437295,6,0,5,1,1
2020-08-05,99.00133514404297,-0.001331501252462397,6,3,3,0,1
2020-08-06,99.30533599853516,0.003070674289896047,1,0,1,0,1
2020-08-07,96.84733581542969,-0.024751944680411975,10,4,6,0,1
2020-08-10,94.57133483886719,-0.02350091468597615,0,0,0,0,0
2020-08-11,91.6259994506836,-0.031144060652225414,8,3,5,0,1
2020-08-12,103.65066528320313,0.1312363947417745,1,0,1,0,1
2020-08-13,108.06666564941406,0.042604650478076156,7,1,3,3,1
2020-08-14,110.04733276367188,0.01832819678811437,25,12,11,2,1
2020-08-17,122.3759994506836,0.11203058154519474,18,6,9,3,1
2020-08-18,125.80599975585938,0.028028374195693928,16,3,10,3,1
2020-08-19,125.23533630371094,-0.004536059116861502,23,5,17,1,1
2020-08-20,133.45533752441406,0.06563643667445929,15,4,9,2,1
2020-08-21,136.6653289794922,0.024052926729070556,3,1,2,0,1
2020-08-24,134.27999877929688,-0.017453806448256226,8,0,6,2,1
2020-08-25,134.8893280029297,0.004537751185374361,6,4,2,0,1
2020-08-26,143.54466247558594,0.06416619165356252,12,4,8,0,1
2020-08-27,149.25,0.039746079206424145,11,2,8,1,1
2020-08-28,147.55999755859375,-0.011323299439907841,15,4,10,1,1
2020-08-31,166.10667419433594,0.1256890549105465,5,1,4,0,1
2020-09-01,158.35000610351563,-0.04669690804684601,8,0,6,2,1
2020-09-02,149.1233367919922,-0.05826756524083643,2,0,2,0,1
2020-09-03,135.6666717529297,-0.09023849203316048,4,2,2,0,1
2020-09-04,139.44000244140625,0.027813247275265907,5,2,1,2,1
2020-09-08,110.06999969482422,-0.21062824320390794,1,0,1,0,1
2020-09-09,122.09333038330078,0.10923349433825735,8,1,5,2,1
2020-09-10,123.77999877929688,0.013814582587770685,11,5,5,1,1
2020-09-11,124.23999786376953,0.003716263443279244,3,2,0,1,1
2020-09-14,139.8733367919922,0.12583177074233998,6,2,3,1,1
2020-09-15,149.9199981689453,0.07182685140266343,14,7,7,0,1
2020-09-16,147.25332641601563,-0.01778729846250804,11,1,9,1,1
2020-09-17,141.14332580566406,-0.04149312452942333,5,1,3,1,1
2020-09-18,147.38333129882813,0.04421041843491591,4,2,2,0,1
2020-09-21,149.79666137695313,0.016374511668703073,8,3,5,0,1
2020-09-22,141.41000366210938,-0.055986946823462835,5,0,4,1,1
2020-09-23,126.78666687011719,-0.10341090738483938,12,2,9,1,1
2020-09-24,129.26333618164063,0.0195341463945935,4,1,2,1,1
2020-09-25,135.77999877929688,0.05041385121376596,14,1,12,1,1
2020-09-28,140.39999389648438,0.034025594039789775,11,4,7,0,1
2020-09-29,139.69000244140625,-0.005056919415549199,3,0,3,0,1
2020-09-30,143.00332641601563,0.02371912031427703,3,0,3,0,1
2020-10-01,149.3866729736328,0.04463774876849502,9,7,2,0,1
2020-10-02,138.3633270263672,-0.0737906918190171,18,10,7,1,1
2020-10-05,141.89332580566406,0.025512531789757986,11,4,6,1,1
2020-10-06,137.9933319091797,-0.02748539351192436,10,4,5,1,1
2020-10-07,141.76666259765625,0.027344297266189477,31,11,16,4,1
2020-10-08,141.97332763671875,0.0014577830589765917,13,5,7,1,1
2020-10-09,144.6666717529297,0.01897077543397918,8,4,3,1,1
2020-10-12,147.43333435058594,0.01912439516394837,20,4,12,4,1
2020-10-13,148.88333129882813,0.009834932884270176,11,1,10,0,1
2020-10-14,153.76666259765625,0.032799718116372834,19,7,11,1,1
2020-10-15,149.6266632080078,-0.02692390743031925,2,0,2,0,1
2020-10-16,146.55667114257813,-0.02051768046956881,9,6,3,0,1
2020-10-19,143.61000061035156,-0.020106014344170586,2,0,1,1,1
2020-10-20,140.64666748046875,-0.020634587544658856,2,1,1,0,1
2020-10-21,140.8800048828125,0.0016590325709362475,9,2,7,0,1
2020-10-22,141.92999267578125,0.007453064711647084,11,0,11,0,1
2020-10-23,140.2100067138672,-0.012118551755604834,7,4,3,0,1
2020-10-26,140.0933380126953,-8.320996760948773e-4,2,0,1,1,1
2020-10-27,141.55999755859375,0.010469159823756513,7,1,4,2,1
2020-10-28,135.33999633789063,-0.043938975190562446,11,5,5,1,1
2020-10-29,136.94332885742188,0.011846701366300838,11,2,8,1,1
2020-10-30,129.34666442871094,-0.05547305218949494,5,1,4,0,1
2020-11-02,133.50332641601563,0.03213582666134873,9,4,5,0,1
2020-11-03,141.3000030517578,0.05840061701119437,10,4,2,4,1
2020-11-04,140.32666015625,-0.006888484603579825,1,0,0,1,1
2020-11-05,146.02999877929688,0.040643300543862226,4,0,2,2,1
2020-11-06,143.31666564941406,-0.01858065570474754,9,6,3,0,1
2020-11-09,140.4199981689453,-0.02021165833954497,15,2,11,2,1
2020-11-10,136.7866668701172,-0.02587474253102262,4,3,1,0,1
2020-11-11,139.0433349609375,0.0164977197153513,1,0,1,0,1
2020-11-12,137.25332641601563,-0.012873745767280065,3,2,1,0,1
2020-11-13,136.1666717529297,-0.007917146283160204,28,5,16,7,1
2020-11-16,136.02999877929688,-0.0010037182511209997,11,4,7,0,1
2020-11-17,147.20333862304688,0.08213879250177958,27,6,18,3,1
2020-11-18,162.2133331298828,0.10196775866118779,20,3,17,0,1
2020-11-19,166.42333984375,0.025953518324515645,11,4,6,1,1
2020-11-20,163.20333862304688,-0.019348255020757876,15,4,8,3,1
2020-11-23,173.9499969482422,0.06584827501609536,3,2,1,0,1
2020-11-24,185.1266632080078,0.06425217853318599,8,5,3,0,1
2020-11-25,191.3333282470703,0.03352658623835669,11,1,9,1,1
2020-11-27,195.25332641601563,0.020487795852708768,0,0,0,0,0
2020-11-30,189.1999969482422,-0.031002439645386293,3,2,1,0,1
2020-12-01,194.9199981689453,0.030232565079099327,1,0,1,0,1
2020-12-02,189.60667419433594,-0.027258998689319136,5,2,3,0,1
2020-12-03,197.7933349609375,0.04317707064578702,4,1,3,0,1
2020-12-04,199.67999267578125,0.00953853028069096,0,0,0,0,0
2020-12-07,213.9199981689453,0.071314132689725307,7,1,6,0,1
2020-12-08,216.6266632080078,0.01265269756091203,6,2,4,0,1
2020-12-09,201.4933319091797,-0.06985904262531573,5,4,1,0,1
2020-12-10,209.02333068847656,0.03737095767859411,4,3,1,0,1
2020-12-11,203.3300018310547,-0.027237767375868138,2,1,1,0,1
2020-12-14,213.27667236328125,0.048918853305726984,10,2,8,0,1
2020-12-15,211.0833282470703,-0.010284031966116491,5,1,3,1,1
2020-12-16,207.58999633789063,-0.016549539644792777,8,2,4,2,1
2020-12-17,218.63333129882813,0.053197818564255206,10,5,3,2,1
2020-12-18,231.6666717529297,0.059612778969587055,0,0,0,0,0
2020-12-21,216.6199951171875,-0.06494968189377415,5,2,3,0,1
2020-12-22,213.44667053222656,-0.01464926902636221,3,0,1,2,1
2020-12-23,215.32666015625,0.008807772074100217,2,1,1,0,1
2020-12-24,220.58999633789063,0.02444349518922251,8,1,7,0,1
2020-12-28,221.22999572753906,0.002901307404113318,6,0,6,0,1
2020-12-29,221.99667358398438,0.003465523985226371,15,3,8,4,1
2020-12-30,231.5933380126953,0.0432288658824449,16,3,12,1,1
2020-12-31,235.22332763671875,0.01567398119122254,6,3,3,0,1
2021-01-04,243.2566680908203,0.03415197180829077,2,0,2,0,1
2021-01-05,245.0366668701172,0.007317368906131216,1,0,1,0,1
2021-01-06,251.9933319091797,0.028390302267496503,0,0,0,0,0
2021-01-07,272.0133361816406,0.07944656360858104,19,4,13,2,1
2021-01-08,293.3399963378906,0.07840299470467449,4,1,3,0,1
2021-01-11,270.39666748046875,-0.07821411721500826,8,3,4,1,1
2021-01-12,283.14666748046875,0.047152947996006445,9,2,7,0,1
2021-01-13,284.8033447265625,0.005850950889994211,15,5,8,2,1
2021-01-14,281.6666564941406,-0.011013523157297866,2,0,2,0,1
2021-01-15,275.38665771484375,-0.02229585445953386,13,5,7,1,1
2021-01-19,281.51666259765625,0.022259629183487784,0,0,0,0,0
2021-01-20,283.48333740234375,0.00698599786790699,1,1,0,0,1
2021-01-21,281.663330078125,-0.006420156263490129,5,2,3,0,1
2021-01-22,282.21331787109375,0.0019526425140830028,4,3,1,0,1
2021-01-25,293.6000061035156,0.040347806114603646,12,3,8,1,1
2021-01-26,294.36334228515625,0.0025999188207492807,12,2,9,1,1
2021-01-27,288.0533447265625,-0.02143608477064074,0,0,0,0,0
2021-01-28,278.4766540527344,-0.033246240146660666,35,8,21,6,1
2021-01-29,264.510009765625,-0.05015373491403896,9,2,7,0,1
2021-02-01,279.9366760253906,0.058321672867634566,4,1,3,0,1
2021-02-02,290.92999267578125,0.039270726531715816,1,0,1,0,1
2021-02-03,284.89666748046875,-0.020738065332563282,0,0,0,0,0
2021-02-04,283.3299865722656,-0.005499119810906672,21,4,13,4,1
2021-02-05,284.07666015625,0.0026353496607176563,7,1,6,0,1
2021-02-08,287.8066711425781,0.0131302972383458,8,1,7,0,1
2021-02-09,283.1533203125,-0.016168321643152184,10,1,9,0,1
2021-02-10,268.2733459472656,-0.052550944303998315,13,3,7,3,1
2021-02-11,270.5533447265625,0.008498789811735685,7,4,0,3,1
2021-02-12,272.0400085449219,0.005494900903412869,3,0,2,1,1
2021-02-16,265.40667724609375,-0.024383660823671716,7,2,3,2,1
2021-02-17,266.04998779296875,0.0024238672272682837,2,1,0,1,1
2021-02-18,262.4599914550781,-0.013493691045324274,2,1,1,0,1
2021-02-19,260.4333190917969,-0.007721833533733569,9,3,5,1,1
2021-02-22,238.1666717529297,-0.08549845855559934,9,3,4,2,1
2021-02-23,232.94667053222656,-0.021917429429917368,6,2,4,0,1
2021-02-24,247.33999633789063,0.06178807266392261,13,4,8,1,1
2021-02-25,227.4066619873047,-0.08059082496045267,17,5,11,1,1
2021-02-26,225.1666717529297,-0.009850152211020369,6,1,5,0,1
2021-03-01,239.47666931152344,0.06355291148192554,9,3,6,0,1
2021-03-02,228.81333923339844,-0.044527636486599076,10,1,7,2,1
2021-03-03,217.73333740234375,-0.048423758283395624,13,5,8,0,1
2021-03-04,207.14666748046875,-0.04862218183112754,6,3,3,0,1
2021-03-05,199.31666564941406,-0.037799313531283074,5,0,4,1,1
2021-03-08,187.6666717529297,-0.05844967282854319,7,1,6,0,1
2021-03-09,224.52667236328125,0.1964120760817838,8,2,6,0,1
2021-03-10,222.68666076660156,-0.00819506910832657,5,1,3,1,1
2021-03-11,233.1999969482422,0.04721134236531421,10,3,6,1,1
2021-03-12,231.2433319091797,-0.008390501992574073,7,0,6,1,1
2021-03-15,235.97999572753906,0.020483461206222797,4,0,4,0,1
2021-03-16,225.6266632080078,-0.04387377195940434,1,0,0,1,1
2021-03-17,233.93666076660156,0.03683074261011732,3,1,2,0,1
2021-03-18,217.72000122070313,-0.06932072763951169,7,0,6,1,1
2021-03-19,218.2899932861328,0.0026180050626212203,11,1,10,0,1
2021-03-22,223.3333282470703,0.023103830299388672,1,1,0,0,1
2021-03-23,220.72000122070313,-0.01170146456365928,8,3,5,0,1
2021-03-24,210.08999633789063,-0.04816058727810224,9,3,5,1,1
2021-03-25,213.4633331298828,0.016056627401557888,11,2,7,2,1
2021-03-26,206.23666381835938,-0.03385438241576755,6,2,4,0,1
2021-03-29,203.76333618164063,-0.01199266702111268,2,1,0,1,1
2021-03-30,211.8733367919922,0.039801078851212424,17,7,9,1,1
2021-03-31,222.64332580566406,0.05083220558444013,2,0,2,0,1
2021-04-01,220.5833282470703,-0.009252455923119962,5,3,2,0,1
2021-04-05,230.35000610351563,0.04427659122771899,12,6,6,0,1
2021-04-06,230.5399932861328,8.247761127986308e-4,3,1,2,0,1
2021-04-07,223.6566619873047,-0.029857428208930892,12,6,6,0,1
2021-04-08,227.93333435058594,0.01912159613436426,5,2,3,0,1
2021-04-09,225.67333984375,-0.009915155733034697,26,12,13,1,1
2021-04-12,233.9933319091797,0.03686741230129442,0,0,0,0,0
2021-04-13,254.10667419433594,0.0859569036478478,1,1,0,0,1
2021-04-14,244.07666015625,-0.03947166704647498,22,5,16,1,1
2021-04-15,246.28334045410156,0.009040931223980753,11,4,5,2,1
2021-04-16,246.5933380126953,0.0012587029151958085,8,3,5,0,1
2021-04-19,238.2100067138672,-0.03399658468630862,2,1,1,0,1
2021-04-20,239.663330078125,0.006101017267521991,8,5,3,0,1
2021-04-21,248.0399932861328,0.034951793439894185,4,0,4,0,1
2021-04-22,239.89666748046875,-0.03283069676699324,16,6,9,1,1
2021-04-23,243.13333129882813,0.013491908213451476,6,2,4,0,1
2021-04-26,246.06666564941406,0.012064715006025573,9,4,5,0,1
2021-04-27,234.913330078125,-0.04532647907368281,9,0,9,0,1
2021-04-28,231.46665954589844,-0.014672094304228334,16,8,7,1,1
2021-04-29,225.6666717529297,-0.02505755171974844,12,5,7,0,1
2021-04-30,236.47999572753906,0.04791723957558203,0,0,0,0,0
2021-05-03,228.3000030517578,-0.034590632711300695,3,1,2,0,1
2021-05-04,224.53334045410156,-0.01649874089928205,2,0,2,0,1
2021-05-05,223.64666748046875,-0.003948959080373515,5,0,5,0,1
2021-05-06,221.17999267578125,-0.011029338520784915,11,7,4,0,1
2021-05-07,224.1233367919922,0.013307460953421169,12,3,8,1,1
2021-05-10,209.67999267578125,-0.06444373139784076,7,3,4,0,1
2021-05-11,205.73333740234375,-0.018822278764288325,4,1,3,0,1
2021-05-12,196.6300048828125,-0.044248212926854213,9,0,9,0,1
2021-05-13,190.56333923339844,-0.030853203980896415,8,3,5,0,1
2021-05-14,196.5800018310547,0.03157303299711356,3,0,3,0,1
2021-05-17,192.27667236328125,-0.02189098294684022,2,1,1,0,1
2021-05-18,192.6233367919922,0.0018029458511532592,6,2,4,0,1
2021-05-19,187.82000732421875,-0.02493638386588848,6,5,1,0,1
2021-05-20,195.5933380126953,0.04138712802336375,24,7,16,1,1
2021-05-21,193.6266632080078,-0.010054917128925145,4,4,0,0,1
2021-05-24,202.14666748046875,0.0440022264046771,5,3,2,0,1
2021-05-25,201.56333923339844,-0.002885668382965889,2,0,1,1,1
2021-05-26,206.3766632080078,0.023879957500782645,10,0,9,1,1
2021-05-27,210.28334045410156,0.018929840154243482,5,2,3,0,1
2021-05-28,208.4066619873047,-0.008924522802159385,5,0,5,0,1
2021-06-01,207.96665954589844,-0.002111268599623961,7,3,3,1,1
2021-06-02,201.7066650390625,-0.030100952337768105,12,2,6,4,1
2021-06-03,190.94667053222656,-0.05334476431283097,3,0,3,0,1
2021-06-04,199.68333435058594,0.045754470575515294,14,5,9,0,1
2021-06-07,201.7100067138672,0.010149431698305955,6,5,1,0,1
2021-06-08,201.19667053222656,-0.002544921741878703,0,0,0,0,0
2021-06-09,199.5933380126953,-0.007968981371759054,8,3,4,1,1
2021-06-10,203.3733367919922,0.018938501740255687,4,1,3,0,1
2021-06-11,203.29666137695313,-3.770180312155924e-4,7,4,3,0,1
2021-06-14,205.89666748046875,0.012789221849023313,12,5,7,0,1
2021-06-15,199.7866668701172,-0.029675082579620482,5,0,4,1,1
2021-06-16,201.6233367919922,0.009193155632698069,10,5,5,0,1
2021-06-17,205.53334045410156,0.019392614586788648,12,6,6,0,1
2021-06-18,207.77000427246094,0.010882243306208794,5,2,3,0,1
2021-06-21,206.94332885742188,-0.003978800587379316,4,0,4,0,1
2021-06-22,207.90333557128906,0.004638983624974058,1,1,0,0,1
2021-06-23,218.85667419433594,0.05268476618207507,2,1,1,0,1
2021-06-24,226.60667419433594,0.035411302984154513,6,3,3,0,1
2021-06-25,223.9566650390625,-0.011694312026312215,30,9,20,1,1
2021-06-28,229.57333374023438,0.025079265670401973,4,4,0,0,1
2021-06-29,226.9199981689453,-0.011557681931348984,10,3,6,1,1
2021-06-30,226.56666564941406,-0.0015570796861552605,9,2,7,0,1
2021-07-01,225.97332763671875,-0.0026188230779431443,25,4,15,6,1
2021-07-02,226.3000030517578,0.0014456370513082906,20,8,10,2,1
2021-07-06,219.86000061035156,-0.028457809785947474,7,3,4,0,1
2021-07-07,214.88333129882813,-0.02263562857139878,12,5,7,0,1
2021-07-08,217.60333251953125,0.012658037290573132,25,5,18,2,1
2021-07-09,218.98333740234375,0.006341837079579804,15,3,9,3,1
2021-07-12,228.56666564941406,0.0437628194032984,9,2,7,0,1
2021-07-13,222.84666442871094,-0.0250255268170938,10,4,5,1,1
2021-07-14,217.7933349609375,-0.022676262535623493,15,5,8,2,1
2021-07-15,216.86666870117188,-0.004254796226577984,19,10,7,2,1
2021-07-16,214.74000549316406,-0.009806316575730722,7,3,4,0,1
2021-07-19,215.4066619873047,0.003104482057777691,5,2,3,0,1
2021-07-20,220.1666717529297,0.02209778342837665,8,4,4,0,1
2021-07-21,218.42999267578125,-0.007888019850240235,5,3,1,1,1
2021-07-22,216.4199981689453,-0.009202007847976312,4,2,2,0,1
2021-07-23,214.4600067138672,-0.009056424875986235,14,9,4,1,1
2021-07-26,219.2066650390625,0.022133069927244398,12,4,7,1,1
2021-07-27,214.92666625976563,-0.01952494819687245,11,4,5,2,1
2021-07-28,215.66000366210938,0.0034120354402995545,6,2,4,0,1
2021-07-29,225.78334045410156,0.04694118807422987,23,10,10,3,1
2021-07-30,229.06666564941406,0.014541928508582602,20,3,11,6,1
2021-08-02,236.55667114257813,0.032697928666004517,8,1,4,3,1
2021-08-03,236.5800018310547,9.862621233169833e-5,7,2,5,0,1
2021-08-04,236.97332763671875,0.001662548831768751,11,4,6,1,1
2021-08-05,238.2100067138672,0.005218642492307302,19,5,13,1,1
2021-08-06,233.03334045410156,-0.021731523084098314,22,4,18,0,1
2021-08-09,237.9199981689453,0.020969779282747014,3,2,1,0,1
2021-08-10,236.663330078125,-0.005281893495678203,5,0,4,1,1
2021-08-11,235.94000244140625,-0.0030563570472872392,5,1,3,1,1
2021-08-12,240.75,0.020386528392057013,9,2,5,2,1
2021-08-13,239.05667114257813,-0.007033557040173943,23,4,16,3,1
2021-08-16,228.72332763671875,-0.0432254973537064,1,1,0,0,1
2021-08-17,221.90333557128906,-0.02981764971635026,1,1,0,0,1
2021-08-18,229.663330078125,0.03497015710402862,11,1,8,2,1
2021-08-19,224.49000549316406,-0.02252568828990298,1,1,0,0,1
2021-08-20,226.75332641601563,0.010082056516856674,7,1,6,0,1
2021-08-23,235.43333435058594,0.03827951753459802,13,3,8,2,1
2021-08-24,236.163330078125,0.0031006472789958384,6,3,3,0,1
2021-08-25,237.06666564941406,0.0038250458739306215,4,1,2,1,1
2021-08-26,233.72000122070313,-0.01411697599720807,6,1,5,0,1
2021-08-27,237.30667114257813,0.015346011908018431,4,1,3,0,1
2021-08-30,243.6366729736328,0.02667435264494311,18,8,9,1,1
2021-08-31,245.24000549316406,0.00658083407543808,10,2,5,3,1
2021-09-01,244.69667053222656,-0.0022155233598404322,14,4,10,0,1
2021-09-02,244.1300048828125,-0.002315788147756681,15,5,10,0,1
2021-09-03,244.52333068847656,0.0016111325842673718,8,1,5,2,1
2021-09-07,250.97332763671875,0.02637783858939624,2,1,0,1,1
2021-09-08,251.2899932861328,0.0012617502122473923,2,1,1,0,1
2021-09-09,251.6199951171875,0.001313231087076927,15,3,9,3,1
2021-09-10,245.42333984375,-0.024627038366134335,9,1,7,1,1
2021-09-13,247.6666717529297,0.00914066245943812,8,3,5,0,1
2021-09-14,248.163330078125,0.0020053498586631857,4,2,2,0,1
2021-09-15,251.94332885742188,0.015231899000174076,1,0,1,0,1
2021-09-16,252.3300018310547,0.0015347617076681974,8,6,2,0,1
2021-09-17,253.163330078125,0.0033025333532406,12,6,6,0,1
2021-09-20,243.38999938964844,-0.03860484330594227,11,4,7,0,1
2021-09-21,246.4600067138672,0.012613531089680885,6,3,3,0,1
2021-09-22,250.64666748046875,0.0169871810945057,13,3,6,4,1
2021-09-23,251.2133331298828,0.00226081461648886,1,0,1,0,1
2021-09-24,258.1300048828125,0.027533059916662994,4,0,4,0,1
2021-09-27,263.78668212890625,0.02191406322043732,8,0,8,0,1
2021-09-28,259.1866760253906,-0.01743835612317879,7,2,5,0,1
2021-09-29,260.4366760253906,0.004822778775393388,6,3,3,0,1
2021-09-30,258.49334716796875,-0.0074618094773734045,3,2,1,0,1
2021-10-01,258.40667724609375,-3.352887910832436e-4,2,1,1,0,1
2021-10-04,260.510009765625,0.008139621398127295,2,0,2,0,1
2021-10-05,260.1966552734375,-0.001202850103416031,2,0,2,0,1
2021-10-06,260.9166564941406,0.0027671424905384434,0,0,0,0,0
2021-10-07,264.53668212890625,0.013874260399496352,13,9,2,2,1
2021-10-08,261.8299865722656,-0.010231834522373306,6,4,1,1,1
2021-10-11,263.9800109863281,0.008211528565575943,14,3,9,2,1
2021-10-12,268.5733337402344,0.01740026730336086,12,3,7,2,1
2021-10-13,270.3599853515625,0.006652379022320076,1,1,0,0,1
2021-10-14,272.7733459472656,0.008926471099504285,21,11,8,2,1
2021-10-15,281.010009765625,0.030195999501915205,4,0,4,0,1
2021-10-18,290.03668212890625,0.03212224493643445,3,2,1,0,1
2021-10-19,288.0899963378906,-0.006711860640270406,7,1,5,1,1
2021-10-20,288.6000061035156,0.0017703140411262641,7,3,2,2,1
2021-10-21,298,0.03257101073349511,12,3,9,0,1
2021-10-22,303.2266540527344,0.01753910755951127,20,8,12,0,1
2021-10-25,341.6199951171875,0.12661598362581983,17,2,12,3,1
2021-10-26,339.4766540527344,-0.006274050392506725,14,5,7,2,1
2021-10-27,345.9533386230469,0.019078438805710585,12,2,8,2,1
2021-10-28,359.0133361816406,0.03775074872979922,10,4,5,1,1
2021-10-29,371.3333435058594,0.03431629436179362,13,4,6,3,1
2021-11-01,402.86334228515625,0.0849102277797451,15,5,7,3,1
2021-11-02,390.6666564941406,-0.03027499529203259,8,1,6,1,1
2021-11-03,404.6199951171875,0.03571673801973452,7,2,5,0,1
2021-11-04,409.9700012207031,0.013222297879683653,11,3,8,0,1
2021-11-05,407.36334228515625,-0.006358169933862068,1,0,1,0,1
2021-11-08,387.64666748046875,-0.04840070953386311,8,1,7,0,1
2021-11-09,341.1666564941406,-0.11990303254359846,6,1,5,0,1
2021-11-10,355.98333740234375,0.043429451929624774,7,3,2,2,1
2021-11-11,354.5033264160156,-0.004157528824601631,2,1,1,0,1
2021-11-12,344.47332763671875,-0.02829310201599211,4,2,2,0,1
2021-11-15,337.7966613769531,-0.01938224449936754,16,2,10,4,1
2021-11-16,351.57666015625,0.04079376842602822,5,2,3,0,1
2021-11-17,363.0033264160156,0.032501208284666294,4,1,3,0,1
2021-11-18,365.4599914550781,0.006767610267700563,17,1,12,4,1
2021-11-19,379.0199890136719,0.03710391800920432,20,5,12,3,1
2021-11-22,385.6233215332031,0.017422122080461122,25,4,18,3,1
2021-11-23,369.6766662597656,-0.041352932727292124,18,4,12,2,1
2021-11-24,372,0.006284772484400847,10,1,7,2,1
2021-11-26,360.6400146484375,-0.030537595031082,4,0,3,1,1
2021-11-29,378.9966735839844,0.050900227900227524,12,5,4,3,1
2021-11-30,381.586669921875,0.006833823403773698,12,2,8,2,1
2021-12-01,365,-0.04346763456194869,12,3,6,3,1
2021-12-02,361.5333251953125,-0.00949773919092467,11,1,7,3,1
2021-12-03,338.3233337402344,-0.06419876077133224,15,5,10,0,1
2021-12-06,336.336669921875,-0.005872086315763081,8,6,2,0,1
2021-12-07,350.5833435058594,0.04235837141187604,13,4,8,1,1
2021-12-08,356.32000732421875,0.016363195584229162,16,1,10,5,1
2021-12-09,334.6000061035156,-0.06095644581905246,9,4,5,0,1
2021-12-10,339.010009765625,0.013179927022311633,20,4,14,2,1
2021-12-13,322.13665771484375,-0.04977243020772948,12,6,4,2,1
2021-12-14,319.5033264160156,-0.008174578197676419,17,6,8,3,1
2021-12-15,325.3299865722656,0.018236618133556703,10,6,2,2,1
2021-12-16,308.97332763671875,-0.050277132790258694,22,4,15,3,1
2021-12-17,310.8566589355469,0.006095449446181567,10,5,3,2,1
2021-12-20,299.9800109863281,-0.03498927121736173,10,1,8,1,1
2021-12-21,312.84332275390625,0.04288056302579579,10,3,5,2,1
2021-12-22,336.2900085449219,0.07494705523716627,15,2,10,3,1
2021-12-23,355.6666564941406,0.05761886305530961,5,5,0,0,1
2021-12-27,364.64666748046875,0.025248391499066658,10,0,10,0,1
2021-12-28,362.8233337402344,-0.005000275342793459,1,1,0,0,1
2021-12-29,362.0633239746094,-0.0020947102761840197,6,1,4,1,1
2021-12-30,356.7799987792969,-0.014592268383646134,10,3,6,1,1
2021-12-31,352.260009765625,-0.012668840823859995,1,0,1,0,1
2022-01-03,399.9266662597656,0.1353166841897706,6,1,3,2,1
2022-01-04,383.1966552734375,-0.041832696836128,4,0,4,0,1
2022-01-05,362.7066650390625,-0.05347121367683638,2,0,2,0,1
2022-01-06,354.8999938964844,-0.02152337383085412,4,3,1,0,1
2022-01-07,342.32000732421875,-0.035446567451716815,6,0,6,0,1
2022-01-10,352.7066650390625,0.03034195341380186,2,0,1,1,1
2022-01-11,354.79998779296875,0.005935024657598653,3,1,2,0,1
2022-01-12,368.739990234375,0.039289748931841784,5,3,1,1,1
2022-01-13,343.85333251953125,-0.06749107331435766,4,0,4,0,1
2022-01-14,349.8699951171875,0.017497758575059086,3,0,1,2,1
2022-01-18,343.5033264160156,-0.01819724123253097,15,3,7,5,1
2022-01-19,331.8833312988281,-0.0338278969185718,17,4,13,0,1
2022-01-20,332.0899963378906,6.227038828787723e-4,4,0,4,0,1
2022-01-21,314.6333312988281,-0.05256606712507206,11,3,3,5,1
2022-01-24,310,-0.014726129872195681,0,0,0,0,0
2022-01-25,306.1333312988281,-0.012473124842489969,9,4,5,0,1
2022-01-26,312.4700012207031,0.02069905258271132,6,2,3,1,1
2022-01-27,276.3666687011719,-0.11554175561970448,26,4,14,8,1
2022-01-28,282.1166687011719,0.020805692766870276,10,2,6,2,1
2022-01-31,312.239990234375,0.10677611383930952,8,0,7,1,1
2022-02-01,310.4166564941406,-0.0058395266373975074,9,0,9,0,1
2022-02-02,301.88665771484375,-0.02747919159891432,10,3,7,0,1
2022-02-03,297.0466613769531,-0.016032495024879134,12,5,5,2,1
2022-02-04,307.7733459472656,0.03611110968421327,3,1,1,1,1
2022-02-07,302.4466552734375,-0.01730718642133755,16,3,5,8,1
2022-02-08,307.3333435058594,0.0161571905234128,5,2,3,0,1
2022-02-09,310.6666564941406,0.010845920427172029,8,2,5,1,1
2022-02-10,301.51666259765625,-0.029452771017468238,7,1,6,0,1
2022-02-11,286.6666564941406,-0.04925102969626416,9,1,6,2,1
2022-02-14,291.9200134277344,0.01832566437213501,8,4,4,0,1
2022-02-15,307.4766540527344,0.053290764282768466,3,2,1,0,1
2022-02-16,307.7966613769531,0.0010407532409399955,7,0,4,3,1
2022-02-17,292.1166687011719,-0.05094269900666093,5,1,4,0,1
2022-02-18,285.6600036621094,-0.022103035296720752,8,2,5,1,1
2022-02-22,273.84332275390625,-0.04136624223452856,33,8,21,4,1
2022-02-23,254.67999267578125,-0.06997917599526948,12,3,7,2,1
2022-02-24,266.92333984375,0.04807345500262783,0,0,0,0,0
2022-02-25,269.9566650390625,0.011364031324829549,15,3,9,3,1
2022-02-28,290.1433410644531,0.07477746853358713,1,1,0,0,1
2022-03-01,288.1233215332031,-0.006962143345558558,3,0,3,0,1
2022-03-02,293.2966613769531,0.01795529711451649,19,4,11,4,1
2022-03-03,279.7633361816406,-0.04614210448825773,15,2,12,1,1
2022-03-04,279.42999267578125,-0.0011915196265851469,6,1,4,1,1
2022-03-07,268.1933288574219,-0.04021280504200253,4,2,2,0,1
2022-03-08,274.79998779296875,0.02463394210323222,2,0,0,2,1
2022-03-09,286.3233337402344,0.04193357517885765,9,2,6,1,1
2022-03-10,279.4333190917969,-0.024063755330148706,1,0,1,0,1
2022-03-11,265.1166687011719,-0.0512345859010529,2,0,1,1,1
2022-03-14,255.4566650390625,-0.036436802368687404,20,4,15,1,1
2022-03-15,267.2966613769531,0.046348355546253384,13,5,8,0,1
2022-03-16,280.07666015625,0.047812040425278646,6,3,3,0,1
2022-03-17,290.5333251953125,0.037335010469022656,5,3,1,1,1
2022-03-18,301.7966613769531,0.03876779427650434,7,1,4,2,1
2022-03-21,307.0533447265625,0.017417963888751054,10,3,6,1,1
2022-03-22,331.32666015625,0.07905243778179138,4,0,4,0,1
2022-03-23,333.03668212890625,0.005161136057840299,0,0,0,0,0
2022-03-24,337.97332763671875,0.014823128420135223,10,2,6,2,1
2022-03-25,336.8800048828125,-0.003234937980317265,14,0,11,3,1
2022-03-28,363.9466552734375,0.0803450783611821,12,3,6,3,1
2022-03-29,366.5233459472656,0.007079858095940583,14,4,9,1,1
2022-03-30,364.663330078125,-0.00507475414515135,6,1,5,0,1
2022-03-31,359.20001220703125,-0.014981813142339484,3,0,3,0,1
2022-04-01,361.5299987792969,0.006486599368272561,5,2,3,0,1
2022-04-04,381.8166809082031,0.05611341298759176,5,2,2,1,1
2022-04-05,363.7533264160156,-0.047308971544201106,10,4,3,3,1
2022-04-06,348.586669921875,-0.041694894294368345,6,2,3,1,1
2022-04-07,352.4200134277344,0.010996816105212748,9,1,8,0,1
2022-04-08,341.8299865722656,-0.03004944796541842,12,5,6,1,1
2022-04-11,325.30999755859375,-0.048328086073804455,0,0,0,0,0
2022-04-12,328.98333740234375,0.011291813566499442,0,0,0,0,0
2022-04-13,340.7900085449219,0.03588835603591267,0,0,0,0,0
2022-04-14,328.3333435058594,-0.03655231880843268,13,2,9,2,1
2022-04-18,334.7633361816406,0.019583733431163042,15,5,7,3,1
2022-04-19,342.7166748046875,0.023758093445249484,2,0,1,1,1
2022-04-20,325.73333740234375,-0.04955503671370076,11,1,9,1,1
2022-04-21,336.260009765625,0.03231684066245499,35,7,20,8,1
2022-04-22,335.01666259765625,-0.003697576672395231,7,0,5,2,1
2022-04-25,332.67333984375,-0.006994645387893739,8,2,4,2,1
2022-04-26,292.1400146484375,-0.12184121881948873,7,1,3,3,1
2022-04-27,293.836669921875,0.005807678470473254,15,3,8,4,1
2022-04-28,292.5033264160156,-0.004537702888526063,19,6,9,4,1
2022-04-29,290.2533264160156,-0.007692220213591394,18,2,11,5,1
2022-05-02,300.9800109863281,0.03695628471433299,18,3,11,4,1
2022-05-03,303.0833435058594,0.006988279761963367,30,7,18,5,1
2022-05-04,317.5400085449219,0.04769864576468552,10,3,5,2,1
2022-05-05,291.09332275390625,-0.08328615317548016,0,0,0,0,0
2022-05-06,288.54998779296875,-0.008737180698190294,17,7,7,3,1
2022-05-09,262.3699951171875,-0.09072948807249681,25,6,13,6,1
2022-05-10,266.67999267578125,0.016427173986372612,4,2,2,0,1
2022-05-11,244.6666717529297,-0.08254582843646041,8,2,5,1,1
2022-05-12,242.6666717529297,-0.008174386751047313,15,3,7,5,1
2022-05-13,256.5299987792969,0.05712909369145702,16,0,9,7,1
2022-05-16,241.4566650390625,-0.05875856161837267,14,4,8,2,1
2022-05-17,253.8699951171875,0.05141017778952928,12,5,6,1,1
2022-05-18,236.60333251953125,-0.068013798124059055,22,2,9,11,1
2022-05-19,236.47332763671875,-5.494634476534976e-4,31,9,17,5,1
2022-05-20,221.3000030517578,-0.06416505716141863,41,9,20,12,1
2022-05-23,224.96665954589844,0.01656871415985961,12,5,6,1,1
2022-05-24,209.3866729736328,-0.06925464690507588,26,6,13,7,1
2022-05-25,219.60000610351563,0.04877737911795821,11,4,5,2,1
2022-05-26,235.91000366210938,0.07427138936829314,39,8,23,8,1
2022-05-27,253.2100067138672,0.07333306253742577,38,12,20,6,1
2022-05-31,252.75332641601563,-0.001803563389055185,33,5,18,10,1
2022-06-01,246.7899932861328,-0.02359349020027357,13,8,5,0,1
2022-06-02,258.3333435058594,0.04677398003874078,9,1,5,3,1
2022-06-03,234.51666259765625,-0.09219359988526965,13,6,6,1,1
2022-06-06,238.27999877929688,0.0160472016783606,15,5,5,5,1
2022-06-07,238.8866729736328,0.0025460558898939833,10,3,6,1,1
2022-06-08,241.86666870117188,0.012474516432601446,4,1,2,1,1
2022-06-09,239.7066650390625,-0.008930555308462429,9,4,5,0,1
2022-06-10,232.22999572753906,-0.031190911234383223,20,5,12,3,1
2022-06-13,215.73666381835938,-0.07102153990705962,4,3,1,0,1
2022-06-14,220.88999938964844,0.023887157055640484,24,4,16,4,1
2022-06-15,233,0.05482367080362738,25,8,17,0,1
2022-06-16,213.10000610351563,-0.08540769912654234,29,9,18,2,1
2022-06-17,216.75999450683594,0.017174980283869212,18,5,12,1,1
2022-06-21,237.0366668701172,0.0935443480214786,6,1,4,1,1
2022-06-22,236.086669921875,-0.004007805884153504,0,0,0,0,0
2022-06-23,235.07000732421875,-0.004306310889948484,0,0,0,0,0
2022-06-24,245.7066650390625,0.04524889345059324,0,0,0,0,0
2022-06-27,244.9199981689453,-0.0032016505127857586,0,0,0,0,0
2022-06-28,232.663330078125,-0.0500435578248114,0,0,0,0,0
2022-06-29,228.49000549316406,-0.01793718238090891,0,0,0,0,0
2022-06-30,224.47332763671875,-0.017579227799377373,0,0,0,0,0
2022-07-01,227.26333618164063,0.012429131666979787,0,0,0,0,0
2022-07-05,233.06666564941406,0.025535704813974602,16,6,7,3,1
2022-07-06,231.73333740234375,-0.005720802000385383,15,4,10,1,1
2022-07-07,244.5433349609375,0.055279044880592876,21,7,8,6,1
2022-07-08,250.76333618164063,0.02543516968760029,11,2,6,3,1
2022-07-11,234.3433380126953,-0.06548005948146851,20,4,12,4,1
2022-07-12,233.07000732421875,-0.005433611636988744,20,6,11,3,1
2022-07-13,237.0399932861328,0.017033448479672808,17,9,7,1,1
2022-07-14,238.31333923339844,0.005371861218914864,2,0,2,0,1
2022-07-15,240.06666564941406,0.0073572315408600986,20,7,13,0,1
2022-07-18,240.54666137695313,0.001999426810217919,19,4,14,1,1
2022-07-19,245.52999877929688,0.020716718219316865,11,3,7,1,1
2022-07-20,247.5,0.008023464466653252,4,1,2,1,1
2022-07-21,271.7066650390625,0.09780470722853529,11,3,7,1,1
2022-07-22,272.24334716796875,0.0019752262198982073,7,2,5,0,1
2022-07-25,268.4333190917969,-0.013994935471540293,24,6,9,9,1
2022-07-26,258.8599853515625,-0.0356637312112531,6,2,3,1,1
2022-07-27,274.82000732421875,0.061655036992220635,15,2,9,4,1
2022-07-28,280.8999938964844,0.02212352234272652,1,0,1,0,1
2022-07-29,297.1499938964844,0.05784976985791013,11,3,6,2,1
2022-08-01,297.27667236328125,4.2631152414229767e-4,13,2,10,1,1
2022-08-02,300.586669921875,0.011134400598203698,8,5,3,0,1
2022-08-03,307.39666748046875,0.02265568716125621,0,0,0,0,0
2022-08-04,308.6333312988281,0.004023022853486102,8,2,6,0,1
2022-08-05,288.1700134277344,-0.0663030068235908,3,1,2,0,1
2022-08-08,290.42333984375,0.007819434052879659,3,1,2,0,1
2022-08-09,283.3333435058594,-0.024412625864385085,4,1,2,1,1
2022-08-10,294.3566589355469,0.03890581776676605,10,1,9,0,1
2022-08-11,286.6300048828125,-0.026249292544206493,14,1,11,2,1
2022-08-12,300.0299987792969,0.046750143628413676,6,1,5,0,1
2022-08-15,309.32000732421875,0.03096359891583922,1,1,0,0,1
2022-08-16,306.5633239746094,-0.008912075793144236,3,1,2,0,1
2022-08-17,303.9966735839844,-0.008372333511224461,24,11,9,4,1
2022-08-18,302.8699951171875,-0.0037062197211366055,8,2,5,1,1
2022-08-19,296.6666564941406,-0.020481852686155544,8,2,5,1,1
2022-08-22,289.913330078125,-0.022764022407583906,8,4,4,0,1
2022-08-23,296.4533386230469,0.0225584954757323,11,0,10,1,1
2022-08-24,297.0966796875,0.002170125887066332,8,1,6,1,1
2022-08-25,296.07000732421875,-0.003455684406709514,4,1,2,1,1
2022-08-26,288.0899963378906,-0.026953121859416895,17,4,8,5,1
2022-08-29,284.82000732421875,-0.01135058160727187,4,1,3,0,1
2022-08-30,277.70001220703125,-0.0249982267189629,7,2,5,0,1
2022-08-31,275.6099853515625,-0.007526203685978228,4,0,4,0,1
2022-09-01,277.1600036621094,0.005623955563764049,5,2,3,0,1
2022-09-02,270.2099914550781,-0.02507581222110289,0,0,0,0,0
2022-09-06,274.4200134277344,0.015580556255471167,10,4,5,1,1
2022-09-07,283.70001220703125,0.03381677109982606,1,0,1,0,1
2022-09-08,289.260009765625,0.01959815762903916,20,11,6,3,1
2022-09-09,299.67999267578125,0.03602289482946186,10,2,8,0,1
2022-09-12,304.4200134277344,0.01581694096302666,12,4,5,3,1
2022-09-13,292.1300048828125,-0.04037188096320543,26,5,17,4,1
2022-09-14,302.6099853515625,0.03587437200418364,5,1,4,0,1
2022-09-15,303.75,0.003767273730617582,3,0,3,0,1
2022-09-16,303.3500061035156,-0.0013168523341049454,2,0,2,0,1
2022-09-19,309.07000732421875,0.018856110452001085,18,6,10,2,1
2022-09-20,308.7300109863281,-0.0011000625419275156,8,2,6,0,1
2022-09-21,300.79998779296875,-0.025685948599634356,36,10,20,6,1
2022-09-22,288.5899963378906,-0.040591728559117746,8,1,6,1,1
2022-09-23,275.3299865722656,-0.04594757245188685,4,1,3,0,1
2022-09-26,276.010009765625,0.0024698479153155706,1,0,1,0,1
2022-09-27,282.94000244140625,0.02510775852537339,12,3,7,2,1
2022-09-28,287.80999755859375,0.017212112374233923,12,3,8,1,1
2022-09-29,268.2099914550781,-0.06810050474193607,11,3,8,0,1
2022-09-30,265.25,-0.011036096899372572,0,0,0,0,0
2022-10-03,242.39999389648438,-0.08614516909902215,0,0,0,0,0
2022-10-04,249.44000244140625,0.029042940273044104,0,0,0,0,0
2022-10-05,240.80999755859375,-0.034597517632881325,0,0,0,0,0
2022-10-06,238.1300048828125,-0.011129075632041241,0,0,0,0,0
2022-10-07,223.07000732421875,-0.06324275500689214,0,0,0,0,0
2022-10-10,222.9600067138672,-4.931214719139376e-4,0,0,0,0,0
2022-10-11,216.5,-0.02897383620084637,0,0,0,0,0
2022-10-12,217.24000549316406,0.003418039229395209,0,0,0,0,0
2022-10-13,221.72000122070313,0.020622332969329804,0,0,0,0,0
2022-10-14,204.99000549316406,-0.07545550981161053,0,0,0,0,0
2022-10-17,219.35000610351563,0.07005219876844393,0,0,0,0,0
2022-10-18,220.19000244140625,0.003829479437051919,0,0,0,0,0
2022-10-19,222.0399932861328,0.008401793106927569,0,0,0,0,0
2022-10-20,207.27999877929688,-0.0664744863679374,0,0,0,0,0
2022-10-21,214.44000244140625,0.03454266549727758,0,0,0,0,0
2022-10-24,211.25,-0.014875967194030837,0,0,0,0,0
2022-10-25,222.4199981689453,0.05287573097725584,0,0,0,0,0
2022-10-26,224.63999938964844,0.009981122376490958,0,0,0,0,0
2022-10-27,225.08999633789063,0.00200319154854367,0,0,0,0,0
2022-10-28,228.52000427246094,0.015238384603380561,0,0,0,0,0
2022-10-31,227.5399932861328,-0.004288512900427199,0,0,0,0,0
2022-11-01,227.82000732421875,0.0012306146011606955,0,0,0,0,0
2022-11-02,214.97999572753906,-0.05636033352596026,0,0,0,0,0
2022-11-03,215.30999755859375,0.0015350350619269815,0,0,0,0,0
2022-11-04,207.47000122070313,-0.03641259777431871,0,0,0,0,0
2022-11-07,197.0800018310547,-0.05007952633400592,0,0,0,0,0
2022-11-08,191.3000030517578,-0.02932818513088775,0,0,0,0,0
2022-11-09,177.58999633789063,-0.07166757185130745,0,0,0,0,0
2022-11-10,190.72000122070313,0.07393437216942544,0,0,0,0,0
2022-11-11,195.97000122070313,0.027527264924482875,0,0,0,0,0
2022-11-14,190.9499969482422,-0.02561618738169713,0,0,0,0,0
2022-11-15,194.4199981689453,0.018172303095892017,0,0,0,0,0
2022-11-16,186.9199981689453,-0.03857627852399581,0,0,0,0,0
2022-11-17,183.1699981689453,-0.020062058831236462,0,0,0,0,0
2022-11-18,180.19000244140625,-0.016269016527425406,0,0,0,0,0
2022-11-21,167.8699951171875,-0.06837231343190053,0,0,0,0,0
2022-11-22,169.91000366210938,0.012152311933396831,0,0,0,0,0
2022-11-23,183.1999969482422,0.07821783885404354,0,0,0,0,0
2022-11-25,182.86000061035156,-0.0018558752377418886,0,0,0,0,0
2022-11-28,182.9199981689453,3.281065208000644e-4,0,0,0,0,0
2022-11-29,180.8300018310547,-0.011425739989130657,0,0,0,0,0
2022-11-30,194.6999969482422,0.07670184691003823,0,0,0,0,0
2022-12-01,194.6999969482422,0,0,0,0,0,0
2022-12-02,194.86000061035156,8.217959148295595e-4,0,0,0,0,0
2022-12-05,182.4499969482422,-0.06368676805520912,0,0,0,0,0
2022-12-06,179.82000732421875,-0.01441485156488942,0,0,0,0,0
2022-12-07,174.0399932861328,-0.032143331123685615,0,0,0,0,0
2022-12-08,173.44000244140625,-0.003447430865732959,0,0,0,0,0
2022-12-09,179.0500030517578,0.0323454827685834,0,0,0,0,0
2022-12-12,167.82000732421875,-0.0627198857086465,0,0,0,0,0
2022-12-13,160.9499969482422,-0.04093677795344208,0,0,0,0,0
2022-12-14,156.8000030517578,-0.025784367661833008,0,0,0,0,0
2022-12-15,157.6699981689453,0.005548438139381551,0,0,0,0,0
2022-12-16,150.22999572753906,-0.047187179094365206,0,0,0,0,0
2022-12-19,149.8699951171875,-0.00239632976495896,0,0,0,0,0
2022-12-20,137.8000030517578,-0.08053641461716088,0,0,0,0,0
2022-12-21,137.57000732421875,-0.0016690545895901021,0,0,0,0,0
2022-12-22,125.3499984741211,-0.08882756559936855,0,0,0,0,0
2022-12-23,123.1500015258789,-0.017550833466474902,0,0,0,0,0
2022-12-27,109.0999984741211,-0.1140885333144338,0,0,0,0,0
2022-12-28,112.70999908447266,0.03308891531476843,0,0,0,0,0
2022-12-29,121.81999969482422,0.0808269069678893,0,0,0,0,0
2022-12-30,123.18000030517578,0.011164017515666869,0,0,0,0,0
2023-01-03,108.0999984741211,-0.12242248574195735,0,0,0,0,0
2023-01-04,113.63999938964844,0.05124885285593783,0,0,0,0,0
2023-01-05,110.33999633789063,-0.029039097760312105,0,0,0,0,0
2023-01-06,113.05999755859375,0.024651090365942707,0,0,0,0,0
2023-01-09,119.7699966430664,0.059349011404278285,0,0,0,0,0
2023-01-10,118.8499984741211,-0.007681374256751861,0,0,0,0,0
2023-01-11,123.22000122070313,0.036769060182475055,0,0,0,0,0
2023-01-12,123.55999755859375,0.0027592625752506095,0,0,0,0,0
2023-01-13,122.4000015258789,-0.009388119582672827,0,0,0,0,0
2023-01-17,131.49000549316406,0.07426473736900463,0,0,0,0,0
2023-01-18,128.77999877929688,-0.020609982513142944,0,0,0,0,0
2023-01-19,127.16999816894531,-0.012501946153228194,0,0,0,0,0
2023-01-20,133.4199981689453,0.0491468120625187,0,0,0,0,0
2023-01-23,143.75,0.07742468874848996,0,0,0,0,0
2023-01-24,143.88999938964844,9.739087975544347e-4,0,0,0,0,0
2023-01-25,144.42999267578125,0.003752820129427681,0,0,0,0,0
2023-01-26,160.27000427246094,0.10967259156647335,0,0,0,0,0
2023-01-27,177.89999389648438,0.11000180416824756,0,0,0,0,0
2023-01-30,166.66000366210938,-0.06318150994943417,0,0,0,0,0
2023-01-31,173.22000122070313,0.03936155894904236,0,0,0,0,0
2023-02-01,181.41000366210938,0.047280928205116535,0,0,0,0,0
2023-02-02,188.27000427246094,0.03781489703913388,0,0,0,0,0
2023-02-03,189.97999572753906,0.009082654784473565,0,0,0,0,0
2023-02-06,194.75999450683594,0.025160537355481072,0,0,0,0,0
2023-02-07,196.80999755859375,0.010525791279409002,0,0,0,0,0
2023-02-08,201.2899932861328,0.022763049555982517,0,0,0,0,0
2023-02-09,207.32000732421875,0.029956849516678652,0,0,0,0,0
2023-02-10,196.88999938964844,-0.05030873801899527,0,0,0,0,0
2023-02-13,194.63999938964844,-0.011427700782035255,0,0,0,0,0
2023-02-14,209.25,0.0750616556523096,0,0,0,0,0
2023-02-15,214.24000549316406,0.02384709913101113,0,0,0,0,0
2023-02-16,202.0399932861328,-0.05694553722096751,0,0,0,0,0
2023-02-17,208.30999755859375,0.031033480898909227,0,0,0,0,0
2023-02-21,197.3699951171875,-0.05251789433835996,0,0,0,0,0
2023-02-22,200.86000061035156,0.017682553475729224,0,0,0,0,0
2023-02-23,202.07000732421875,0.006024129792842503,0,0,0,0,0
2023-02-24,196.8800048828125,-0.025684180003413215,0,0,0,0,0
2023-02-27,207.6300048828125,0.0546017865369246,0,0,0,0,0
2023-02-28,205.7100067138672,-0.009247209573726933,0,0,0,0,0
2023-03-01,202.77000427246094,-0.014291975817664837,0,0,0,0,0
2023-03-02,190.89999389648438,-0.05853928157947319,0,0,0,0,0
2023-03-03,197.7899932861328,0.03609219282314147,0,0,0,0,0
2023-03-06,193.80999755859375,-0.020122331071529054,0,0,0,0,0
2023-03-07,187.7100067138672,-0.03147407730028162,0,0,0,0,0
2023-03-08,182,-0.03041929843714275,0,0,0,0,0
2023-03-09,172.9199981689453,-0.04989011995084991,0,0,0,0,0
2023-03-10,173.44000244140625,0.0030071956856769777,0,0,0,0,0
2023-03-13,174.47999572753906,0.005996271168666301,0,0,0,0,0
2023-03-14,183.25999450683594,0.050320947926932424,0,0,0,0,0
2023-03-15,180.4499969482422,-0.015333393227232373,0,0,0,0,0
2023-03-16,184.1300048828125,0.020393505108375454,0,0,0,0,0
2023-03-17,180.1300048828125,-0.02172378153438792,0,0,0,0,0
2023-03-20,183.25,0.017320796272765726,0,0,0,0,0
2023-03-21,197.5800018310547,0.07819919143822474,0,0,0,0,0
2023-03-22,191.14999389648438,-0.03254381959196684,0,0,0,0,0
2023-03-23,192.22000122070313,0.0055977366381618765,0,0,0,0,0
2023-03-24,190.41000366210938,-0.009416281069083654,0,0,0,0,0
2023-03-27,191.80999755859375,0.007352522816861606,0,0,0,0,0
2023-03-28,189.19000244140625,-0.013659325116185062,0,0,0,0,0
2023-03-29,193.8800048828125,0.024789906342217005,0,0,0,0,0
2023-03-30,195.27999877929688,0.007220929756684091,0,0,0,0,0
2023-03-31,207.4600067138672,0.06237201971890638,0,0,0,0,0
2023-04-03,194.77000427246094,-0.061168427796826186,0,0,0,0,0
2023-04-04,192.5800018310547,-0.011244043709844997,0,0,0,0,0
2023-04-05,185.52000427246094,-0.036660076287605925,0,0,0,0,0
2023-04-06,185.05999755859375,-0.002479553165553039,0,0,0,0,0
2023-04-10,184.50999450683594,-0.0029720256079851515,0,0,0,0,0
2023-04-11,186.7899932861328,0.012357047570192181,0,0,0,0,0
2023-04-12,180.5399932861328,-0.03346003653646468,0,0,0,0,0
2023-04-13,185.89999389648438,0.029688716127604264,0,0,0,0,0
2023-04-14,185,-0.004841279860318459,0,0,0,0,0
2023-04-17,187.0399932861328,0.011026990735853115,0,0,0,0,0
2023-04-18,184.30999755859375,-0.014595786064655836,0,0,0,0,0
2023-04-19,180.58999633789063,-0.020183393575926356,0,0,0,0,0
2023-04-20,162.99000549316406,-0.09745828230593856,0,0,0,0,0
2023-04-21,165.0800018310547,0.012822849668400638,0,0,0,0,0
2023-04-24,162.5500030517578,-0.015325895028073244,0,0,0,0,0
2023-04-25,160.6699981689453,-0.011565701922588656,0,0,0,0,0
2023-04-26,153.75,-0.04306963495243776,0,0,0,0,0
2023-04-27,160.19000244140625,0.041886194740853755,0,0,0,0,0
2023-04-28,164.30999755859375,0.025719427270091355,0,0,0,0,0
2023-05-01,161.8300018310547,-0.015093395194377579,0,0,0,0,0
2023-05-02,160.30999755859375,-0.00939259874721976,0,0,0,0,0
2023-05-03,160.61000061035156,0.0018713932775662467,0,0,0,0,0
2023-05-04,161.1999969482422,0.003673471985857102,0,0,0,0,0
2023-05-05,170.05999755859375,0.05496278398315546,0,0,0,0,0
2023-05-08,171.7899932861328,0.010172855182730478,0,0,0,0,0
2023-05-09,169.14999389648438,-0.015367597024416146,0,0,0,0,0
2023-05-10,168.5399932861328,-0.0036062703657255835,0,0,0,0,0
2023-05-11,172.0800018310547,0.021003967520705658,0,0,0,0,0
2023-05-12,167.97999572753906,-0.023826162598143963,0,0,0,0,0
2023-05-15,166.35000610351563,-0.009703474612936969,0,0,0,0,0
2023-05-16,166.52000427246094,0.001021930644472091,0,0,0,0,0
2023-05-17,173.86000061035156,0.04407876621166107,0,0,0,0,0
2023-05-18,176.88999938964844,0.01742780840135616,0,0,0,0,0
2023-05-19,180.13999938964844,0.018373000232992265,0,0,0,0,0
2023-05-22,188.8699951171875,0.04846228354123516,0,0,0,0,0
2023-05-23,185.77000427246094,-0.01641335799687571,0,0,0,0,0
2023-05-24,182.89999389648438,-0.015449266889003499,0,0,0,0,0
2023-05-25,184.47000122070313,0.008583965973816943,0,0,0,0,0
2023-05-26,193.1699981689453,0.047162123329924865,0,0,0,0,0
2023-05-30,201.16000366210938,0.041362559242642094,0,0,0,0,0
2023-05-31,203.92999267578125,0.013770078361723614,0,0,0,0,0
2023-06-01,207.52000427246094,0.017604137329555458,0,0,0,0,0
2023-06-02,213.97000122070313,0.031081326211682914,0,0,0,0,0
2023-06-05,217.61000061035156,0.017011727666879306,0,0,0,0,0
2023-06-06,221.30999755859375,0.017002881015874438,0,0,0,0,0
2023-06-07,224.57000732421875,0.014730512862447087,0,0,0,0,0
2023-06-08,234.86000061035156,0.045820870777622646,0,0,0,0,0
2023-06-09,244.39999389648438,0.0406199151040636,0,0,0,0,0
2023-06-12,249.8300018310547,0.02221770896144215,0,0,0,0,0
2023-06-13,258.7099914550781,0.035544128242966044,0,0,0,0,0
2023-06-14,256.7900085449219,-0.007421371317580694,0,0,0,0,0
2023-06-15,255.89999389648438,-0.0034659239799892383,0,0,0,0,0
2023-06-16,260.5400085449219,0.01813214052015355,0,0,0,0,0
2023-06-20,274.45001220703125,0.05338912722001776,0,0,0,0,0
2023-06-21,259.4599914550781,-0.054618400747766804,0,0,0,0,0
2023-06-22,264.6099853515625,0.019848894111198723,0,0,0,0,0
2023-06-23,256.6000061035156,-0.030270888067223778,0,0,0,0,0
2023-06-26,241.0500030517578,-0.060600166336257755,0,0,0,0,0
2023-06-27,250.2100067138672,0.03800042956291749,0,0,0,0,0
2023-06-28,256.239990234375,0.0240996896954786,0,0,0,0,0
2023-06-29,257.5,0.004917303362650394,0,0,0,0,0
2023-06-30,261.7699890136719,0.016582481606492783,0,0,0,0,0
2023-07-03,279.82000732421875,0.06895373445427366,0,0,0,0,0
2023-07-05,282.4800109863281,0.009506123909958086,0,0,0,0,0
2023-07-06,276.5400085449219,-0.021028045208104085,0,0,0,0,0
2023-07-07,274.42999267578125,-0.007630056425625198,0,0,0,0,0
2023-07-10,269.6099853515625,-0.01756370459810941,0,0,0,0,0
2023-07-11,269.7900085449219,6.67717084456676e-4,0,0,0,0,0
2023-07-12,271.989990234375,0.008154422401772665,0,0,0,0,0
2023-07-13,277.8999938964844,0.02172875427149612,0,0,0,0,0
2023-07-14,281.3800048828125,0.012522529912772917,0,0,0,0,0
2023-07-17,290.3800048828125,0.03198521516746822,0,0,0,0,0
2023-07-18,293.3399963378906,0.010193509901870401,0,0,0,0,0
2023-07-19,291.260009765625,-0.0070907022507415984,0,0,0,0,0
2023-07-20,262.8999938964844,-0.09737009860008494,0,0,0,0,0
2023-07-21,260.0199890136719,-0.010954754468143868,0,0,0,0,0
2023-07-24,269.05999755859375,0.03476659075024635,0,0,0,0,0
2023-07-25,265.2799987792969,-0.014048906614123058,0,0,0,0,0
2023-07-26,264.3500061035156,-0.0035057022016762307,0,0,0,0,0
2023-07-27,255.7100067138672,-0.032683938680391544,0,0,0,0,0
2023-07-28,266.44000244140625,0.04196157931177735,0,0,0,0,0
2023-07-31,267.42999267578125,0.00371562162326855,0,0,0,0,0
2023-08-01,261.07000732421875,-0.023781870118334214,0,0,0,0,0
2023-08-02,254.11000061035156,-0.02665954157355066,0,0,0,0,0
2023-08-03,259.32000732421875,0.020502958173047814,0,0,0,0,0
2023-08-04,253.86000061035156,-0.02105509239416581,0,0,0,0,0
2023-08-07,251.4499969482422,-0.009493435973824349,0,0,0,0,0
2023-08-08,249.6999969482422,-0.006959634206558429,0,0,0,0,0
2023-08-09,242.19000244140625,-0.03007606967809695,0,0,0,0,0
2023-08-10,245.33999633789063,0.013006292021680244,0,0,0,0,0
2023-08-11,242.64999389648438,-0.01096438608281991,0,0,0,0,0
2023-08-14,239.75999450683594,-0.011910156448968756,0,0,0,0,0
2023-08-15,232.9600067138672,-0.028361644764614224,0,0,0,0,0
2023-08-16,225.60000610351563,-0.03159340830287438,0,0,0,0,0
2023-08-17,219.22000122070313,-0.028280162722535862,0,0,0,0,0
2023-08-18,215.49000549316406,-0.017014851321818125,0,0,0,0,0
2023-08-21,231.27999877929688,0.073274828918382,0,0,0,0,0
2023-08-22,233.19000244140625,0.008258403978685713,0,0,0,0,0
2023-08-23,236.86000061035156,0.01573823118710882,0,0,0,0,0
2023-08-24,230.0399932861328,-0.02879341090367582,0,0,0,0,0
2023-08-25,238.58999633789063,0.037167463490241914,0,0,0,0,0
2023-08-28,238.82000732421875,9.640428763089126e-4,0,0,0,0,0
2023-08-29,257.17999267578125,0.07687791972402569,0,0,0,0,0
2023-08-30,256.8999938964844,-0.0010887269121663268,0,0,0,0,0
2023-08-31,258.0799865722656,0.004593198535678855,0,0,0,0,0
2023-09-01,245.00999450683594,-0.05064318329763218,0,0,0,0,0
2023-09-05,256.489990234375,0.046855214011356505,0,0,0,0,0
2023-09-06,251.9199981689453,-0.017817428513501543,0,0,0,0,0
2023-09-07,251.49000549316406,-0.0017068620153485314,0,0,0,0,0
2023-09-08,248.5,-0.01188916230408743,0,0,0,0,0
2023-09-11,273.5799865722656,0.10092549928477124,0,0,0,0,0
2023-09-12,267.4800109863281,-0.022296863386701782,0,0,0,0,0
2023-09-13,271.29998779296875,0.014281354305895722,0,0,0,0,0
2023-09-14,276.0400085449219,0.017471511114000693,0,0,0,0,0
2023-09-15,274.3900146484375,-0.005977372284481253,0,0,0,0,0
2023-09-18,265.2799987792969,-0.033200974462619715,0,0,0,0,0
2023-09-19,266.5,0.004598918977371191,0,0,0,0,0
2023-09-20,262.5899963378906,-0.014671683535119606,0,0,0,0,0
2023-09-21,255.6999969482422,-0.026238620989897266,0,0,0,0,0
2023-09-22,244.8800048828125,-0.042315182614647506,0,0,0,0,0
2023-09-25,246.99000549316406,0.008616467528091087,0,0,0,0,0
2023-09-26,244.1199951171875,-0.011619945391094011,0,0,0,0,0
2023-09-27,240.5,-0.014828753029631048,0,0,0,0,0
2023-09-28,246.3800048828125,0.02444908475181906,0,0,0,0,0
2023-09-29,250.22000122070313,0.015585665483353939,0,0,0,0,0
2023-10-02,251.60000610351563,0.005515166158101437,0,0,0,0,0
2023-10-03,246.52999877929688,-0.020151062008054166,0,0,0,0,0
2023-10-04,261.1600036621094,0.05934371052307452,0,0,0,0,0
2023-10-05,260.04998779296875,-0.00425032873937603,0,0,0,0,0
2023-10-06,260.5299987792969,0.001845841218459432,0,0,0,0,0
2023-10-09,259.6700134277344,-0.003300907210654902,0,0,0,0,0
2023-10-10,263.6199951171875,0.015211543440507347,0,0,0,0,0
2023-10-11,262.989990234375,-0.002389822071472425,0,0,0,0,0
2023-10-12,258.8699951171875,-0.015665976919941982,0,0,0,0,0
2023-10-13,251.1199951171875,-0.02993780718577166,0,0,0,0,0
2023-10-16,253.9199981689453,0.01115006015531006,0,0,0,0,0
2023-10-17,254.85000610351563,0.0036626021631882555,0,0,0,0,0
2023-10-18,242.67999267578125,-0.04775363208267347,0,0,0,0,0
2023-10-19,220.11000061035156,-0.09300310180733784,0,0,0,0,0
2023-10-20,211.99000549316406,-0.036890623300491754,0,0,0,0,0
2023-10-23,212.0800018310547,4.245310418349302e-4,0,0,0,0,0
2023-10-24,216.52000427246094,0.02093550737020089,0,0,0,0,0
2023-10-25,212.4199981689453,-0.018935922882932887,0,0,0,0,0
2023-10-26,205.75999450683594,-0.031352997455599385,0,0,0,0,0
2023-10-27,207.3000030517578,0.00748448962886572,0,0,0,0,0
2023-10-30,197.36000061035156,-0.04794984223383958,0,0,0,0,0
2023-10-31,200.83999633789063,0.017632730628176496,0,0,0,0,0
2023-11-01,205.66000366210938,0.023999240251476817,0,0,0,0,0
2023-11-02,218.50999450683594,0.06248172039245192,0,0,0,0,0
2023-11-03,219.9600067138672,0.006635907937775798,0,0,0,0,0
2023-11-06,219.27000427246094,-0.0031369449915676917,0,0,0,0,0
2023-11-07,222.17999267578125,0.013271256198382764,0,0,0,0,0
2023-11-08,222.11000061035156,-3.1502415940676265e-4,0,0,0,0,0
2023-11-09,209.97999572753906,-0.054612601186257326,0,0,0,0,0
2023-11-10,214.64999389648438,0.022240205086035525,0,0,0,0,0
2023-11-13,223.7100067138672,0.04220830689495392,0,0,0,0,0
2023-11-14,237.41000366210938,0.06123998273248876,0,0,0,0,0
2023-11-15,242.83999633789063,0.022871793909364557,0,0,0,0,0
2023-11-16,233.58999633789063,-0.038090924639652135,0,0,0,0,0
2023-11-17,234.3000030517578,0.0030395424675642158,0,0,0,0,0
2023-11-20,235.60000610351563,0.005548455120893081,0,0,0,0,0
2023-11-21,241.1999969482422,0.023769060694616817,0,0,0,0,0
2023-11-22,234.2100067138672,-0.028980059381488954,0,0,0,0,0
2023-11-24,235.4499969482422,0.00529435207219775,0,0,0,0,0
2023-11-27,236.0800018310547,0.0026757481035388775,0,0,0,0,0
2023-11-28,246.72000122070313,0.04506946504203557,0,0,0,0,0
2023-11-29,244.13999938964844,-0.010457205813430348,0,0,0,0,0
2023-11-30,240.0800018310547,-0.016629792613843564,0,0,0,0,0
2023-12-01,238.8300018310547,-0.005206597761023168,0,0,0,0,0
2023-12-04,235.5800018310547,-0.01360800559009756,0,0,0,0,0
2023-12-05,238.72000122070313,0.013328802806870987,0,0,0,0,0
2023-12-06,239.3699951171875,0.002722829646282676,0,0,0,0,0
2023-12-07,242.63999938964844,0.01366087788429815,0,0,0,0,0
2023-12-08,243.83999633789063,0.0049455858525417895,0,0,0,0,0
2023-12-11,239.74000549316406,-0.01681426716823431,0,0,0,0,0
2023-12-12,237.00999450683594,-0.011387381846063915,0,0,0,0,0
2023-12-13,239.2899932861328,0.009619842336358264,0,0,0,0,0
2023-12-14,251.0500030517578,0.04914543063053567,0,0,0,0,0
2023-12-15,253.5,0.009758999874367902,0,0,0,0,0
2023-12-18,252.0800018310547,-0.005601570686174839,0,0,0,0,0
2023-12-19,257.2200012207031,0.0203903496997484,0,0,0,0,0
2023-12-20,247.13999938964844,-0.03918825045959673,0,0,0,0,0
2023-12-21,254.5,0.029780693649462897,0,0,0,0,0
2023-12-22,252.5399932861328,-0.007701401626197146,0,0,0,0,0
2023-12-26,256.6099853515625,0.01611622781987765,0,0,0,0,0
2023-12-27,261.44000244140625,0.018822405072142834,0,0,0,0,0
2023-12-28,253.17999267578125,-0.03159428430420175,0,0,0,0,0
2023-12-29,248.47999572753906,-0.018563856087399966,0,0,0,0,0
2024-01-02,248.4199981689453,-2.414583049958896e-4,0,0,0,0,0
2024-01-03,238.4499969482422,-0.04013364984377277,0,0,0,0,0
2024-01-04,237.92999267578125,-0.0021807686270334248,0,0,0,0,0
2024-01-05,237.49000549316406,-0.001849229589212631,0,0,0,0,0
2024-01-08,240.4499969482422,0.012463646412957496,0,0,0,0,0
2024-01-09,234.9600067138672,-0.02283214932024613,0,0,0,0,0
2024-01-10,233.94000244140625,-0.004341182513256769,0,0,0,0,0
2024-01-11,227.22000122070313,-0.028725319101363445,0,0,0,0,0
2024-01-12,218.88999938964844,-0.036660513098772496,0,0,0,0,0
2024-01-16,219.91000366210938,0.004659894354722027,0,0,0,0,0
2024-01-17,215.5500030517578,-0.019826295019533036,0,0,0,0,0
2024-01-18,211.8800048828125,-0.017026203279914,0,0,0,0,0
2024-01-19,212.19000244140625,0.0014630807600990448,0,0,0,0,0
2024-01-22,208.8000030517578,-0.015976244642273096,0,0,0,0,0
2024-01-23,209.13999938964844,0.0016283349277841364,0,0,0,0,0
2024-01-24,207.8300018310547,-0.006263735117226887,0,0,0,0,0
2024-01-25,182.6300048828125,-0.12125293136804816,0,0,0,0,0
2024-01-26,183.25,0.0033948152034783963,0,0,0,0,0
2024-01-29,190.92999267578125,0.04190991910385411,0,0,0,0,0
2024-01-30,191.58999633789063,0.0034567835721344142,0,0,0,0,0
2024-01-31,187.2899932861328,-0.02244377647032403,0,0,0,0,0
2024-02-01,188.86000061035156,0.008382761388752824,0,0,0,0,0
2024-02-02,187.91000366210938,-0.0050301649114266045,0,0,0,0,0
2024-02-05,181.05999755859375,-0.03645365318513305,0,0,0,0,0
2024-02-06,185.10000610351563,0.0223130928940527,0,0,0,0,0
2024-02-07,187.5800018310547,0.01339813963135228,0,0,0,0,0
2024-02-08,189.55999755859375,0.010555473441792307,0,0,0,0,0
2024-02-09,193.57000732421875,0.021154303741671487,0,0,0,0,0
2024-02-12,188.1300048828125,-0.028103539988478476,0,0,0,0,0
2024-02-13,184.02000427246094,-0.021846598116614713,0,0,0,0,0
2024-02-14,188.7100067138672,0.025486372853585015,0,0,0,0,0
2024-02-15,200.4499969482422,0.06221180550417671,0,0,0,0,0
2024-02-16,199.9499969482422,-0.0024943876658132247,0,0,0,0,0
2024-02-20,193.75999450683594,-0.030957752117438453,0,0,0,0,0
2024-02-21,194.77000427246094,0.00521268473502845,0,0,0,0,0
2024-02-22,197.41000366210938,0.013554445406056326,0,0,0,0,0
2024-02-23,191.97000122070313,-0.027556873210526134,0,0,0,0,0
2024-02-26,199.39999389648438,0.03870392576202142,0,0,0,0,0
2024-02-27,199.72999572753906,0.0016549741281637331,0,0,0,0,0
2024-02-28,202.0399932861328,0.01156560160219966,0,0,0,0,0
2024-02-29,201.8800048828125,-7.918650199801869e-4,0,0,0,0,0
2024-03-01,202.63999938964844,0.003764585340074067,0,0,0,0,0
2024-03-04,188.13999938964844,-0.07155546804023882,0,0,0,0,0
2024-03-05,180.74000549316406,-0.03933237971984138,0,0,0,0,0
2024-03-06,176.5399932861328,-0.02323786698783792,0,0,0,0,0
2024-03-07,178.64999389648438,0.011951969472048907,0,0,0,0,0
2024-03-08,175.33999633789063,-0.018527834714126334,0,0,0,0,0
2024-03-11,177.77000427246094,0.013858834181150304,0,0,0,0,0
2024-03-12,177.5399932861328,-0.0012938683737420131,0,0,0,0,0
2024-03-13,169.47999572753906,-0.04539820808488959,0,0,0,0,0
2024-03-14,162.5,-0.04118477639544138,0,0,0,0,0
2024-03-15,163.57000732421875,0.006584660456730784,0,0,0,0,0
2024-03-18,173.8000030517578,0.06254200201423088,0,0,0,0,0
2024-03-19,171.32000732421875,-0.014269250195585559,0,0,0,0,0
2024-03-20,175.66000366210938,0.025332688257929448,0,0,0,0,0
2024-03-21,172.82000732421875,-0.016167575308454918,0,0,0,0,0
2024-03-22,170.8300018310547,-0.01151490226146512,0,0,0,0,0
2024-03-25,172.6300048828125,0.010536808713131895,0,0,0,0,0
2024-03-26,177.6699981689453,0.029195349264770964,0,0,0,0,0
2024-03-27,179.8300018310547,0.012157391142962881,0,0,0,0,0
2024-03-28,175.7899932861328,-0.022465709302040393,0,0,0,0,0
2024-04-01,175.22000122070313,-0.003242460249155976,0,0,0,0,0
2024-04-02,166.6300048828125,-0.049024062767074494,0,0,0,0,0
2024-04-03,168.3800048828125,0.01050231020055925,0,0,0,0,0
2024-04-04,171.11000061035156,0.016213301154368365,0,0,0,0,0
2024-04-05,164.89999389648438,-0.036292482565110196,0,0,0,0,0
2024-04-08,172.97999572753906,0.04899940648952894,0,0,0,0,0
2024-04-09,176.8800048828125,0.02254601255405486,0,0,0,0,0
2024-04-10,171.75999450683594,-0.028946236061948905,0,0,0,0,0
2024-04-11,174.60000610351563,0.01653476762638495,0,0,0,0,0
2024-04-12,171.0500030517578,-0.020332204625772565,0,0,0,0,0
2024-04-15,161.47999572753906,-0.05594859487563397,0,0,0,0,0
2024-04-16,157.11000061035156,-0.027062145360474688,0,0,0,0,0
2024-04-17,155.4499969482422,-0.010565868854054306,0,0,0,0,0
2024-04-18,149.92999267578125,-0.03550983840996058,0,0,0,0,0
2024-04-19,147.0500030517578,-0.0192088959161848,0,0,0,0,0
2024-04-22,142.0500030517578,-0.03400203941675628,0,0,0,0,0
2024-04-23,144.67999267578125,0.018514534090260826,0,0,0,0,0
2024-04-24,162.1300048828125,0.12061109407252757,0,0,0,0,0
2024-04-25,170.17999267578125,0.04965143743002587,0,0,0,0,0
2024-04-26,168.2899932861328,-0.011105884774887609,0,0,0,0,0
2024-04-29,194.0500030517578,0.1530691710339953,0,0,0,0,0
2024-04-30,183.27999877929688,-0.05550118063944742,0,0,0,0,0
2024-05-01,179.99000549316406,-0.017950640048260635,0,0,0,0,0
2024-05-02,180.00999450683594,1.110562423569661e-4,0,0,0,0,0
2024-05-03,181.19000244140625,0.006555235656792835,0,0,0,0,0
2024-05-06,184.75999450683594,0.019703030064167848,0,0,0,0,0
2024-05-07,177.80999755859375,-0.03761635178001177,0,0,0,0,0
2024-05-08,174.72000122070313,-0.017378079862311324,0,0,0,0,0
2024-05-09,171.97000122070313,-0.01573946875450305,0,0,0,0,0
2024-05-10,168.47000122070313,-0.02035238689978358,0,0,0,0,0
2024-05-13,171.88999938964844,0.020300339194899042,0,0,0,0,0
2024-05-14,177.5500030517578,0.03292805679333921,0,0,0,0,0
2024-05-15,173.99000549316406,-0.02005067585133169,0,0,0,0,0
2024-05-16,174.83999633789063,0.004885285464054867,0,0,0,0,0
2024-05-17,177.4600067138672,0.014985188920464187,0,0,0,0,0
2024-05-20,174.9499969482422,-0.014144086952910362,0,0,0,0,0
2024-05-21,186.60000610351563,0.06659050790792542,0,0,0,0,0
2024-05-22,180.11000061035156,-0.03478030697150003,0,0,0,0,0
2024-05-23,173.74000549316406,-0.03536724832380789,0,0,0,0,0
2024-05-24,179.24000549316406,0.03165649721483632,0,0,0,0,0
2024-05-28,176.75,-0.01389201861667555,0,0,0,0,0
2024-05-29,176.19000244140625,-0.0031683030189180172,0,0,0,0,0
2024-05-30,178.7899932861328,0.014756744473008343,0,0,0,0,0
2024-05-31,178.0800018310547,-0.003971091681523098,0,0,0,0,0
2024-06-03,176.2899932861328,-0.0100517100545634,0,0,0,0,0
2024-06-04,174.77000427246094,-0.008622094682395387,0,0,0,0,0
2024-06-05,175,0.0013159908560766986,0,0,0,0,0
2024-06-06,177.94000244140625,0.01680001395089281,0,0,0,0,0
2024-06-07,177.47999572753906,-0.0025851787543875737,0,0,0,0,0
2024-06-10,173.7899932861328,-0.020791089307163446,0,0,0,0,0
2024-06-11,170.66000366210938,-0.018010183238054034,0,0,0,0,0
2024-06-12,177.2899932861328,0.03884911216309472,0,0,0,0,0
2024-06-13,182.47000122070313,0.029217711832219218,0,0,0,0,0
2024-06-14,178.00999450683594,-0.024442410719736185,0,0,0,0,0
2024-06-17,187.44000244140625,0.052974598199923895,0,0,0,0,0
2024-06-18,184.86000061035156,-0.013764414198944475,0,0,0,0,0
2024-06-20,181.57000732421875,-0.017797215597047833,0,0,0,0,0
2024-06-21,183.00999450683594,0.00793075466503601,0,0,0,0,0
2024-06-24,182.5800018310547,-0.0023495584322592578,0,0,0,0,0
2024-06-25,187.35000610351563,0.026125557150967316,0,0,0,0,0
2024-06-26,196.3699951171875,0.04814512260377568,0,0,0,0,0
2024-06-27,197.4199981689453,0.0053470646120412635,0,0,0,0,0
2024-06-28,197.8800048828125,0.002330091774560339,0,0,0,0,0
2024-07-01,209.86000061035156,0.060541719385108106,0,0,0,0,0
2024-07-02,231.25999450683594,0.10197271435359379,0,0,0,0,0
2024-07-03,246.38999938964844,0.06542422054051067,0,0,0,0,0
2024-07-05,251.52000427246094,0.02082067005771515,0,0,0,0,0
2024-07-08,252.94000244140625,0.005645666924397386,0,0,0,0,0
2024-07-09,262.3299865722656,0.03712336538398886,0,0,0,0,0
2024-07-10,263.260009765625,0.003545241645880992,0,0,0,0,0
2024-07-11,241.02999877929688,-0.08444127539962887,0,0,0,0,0
2024-07-12,248.22999572753906,0.029871787680814776,0,0,0,0,0
2024-07-15,252.63999938964844,0.01776579679334911,0,0,0,0,0
2024-07-16,256.55999755859375,0.015516142251486675,0,0,0,0,0
2024-07-17,248.5,-0.031415644041518975,0,0,0,0,0
2024-07-18,249.22999572753906,0.002937608561525362,0,0,0,0,0
2024-07-19,239.1999969482422,-0.040243947162209914,0,0,0,0,0
2024-07-22,251.50999450683594,0.05146320115237035,0,0,0,0,0
2024-07-23,246.3800048828125,-0.020396762498772203,0,0,0,0,0
2024-07-24,215.99000549316406,-0.12334604589403697,0,0,0,0,0
2024-07-25,220.25,0.01972310939623889,0,0,0,0,0
2024-07-26,219.8000030517578,-0.0020431189477511102,0,0,0,0,0
2024-07-29,232.10000610351563,0.055959976710561854,0,0,0,0,0
2024-07-30,222.6199951171875,-0.04084450985365373,0,0,0,0,0
2024-07-31,232.07000732421875,0.04244907202543402,0,0,0,0,0
2024-08-01,216.86000061035156,-0.06554059651757449,0,0,0,0,0
2024-08-02,207.6699981689453,-0.042377581921705376,0,0,0,0,0
2024-08-05,198.8800048828125,-0.04232673647438423,0,0,0,0,0
2024-08-06,200.63999938964844,0.008849529684359148,0,0,0,0,0
2024-08-07,191.75999450683594,-0.044258397676563366,0,0,0,0,0
2024-08-08,198.83999633789063,0.036921162045623124,0,0,0,0,0
2024-08-09,200,0.005833854775063374,0,0,0,0,0
2024-08-12,197.49000549316406,-0.012549972534179665,0,0,0,0,0
2024-08-13,207.8300018310547,0.05235706137163754,0,0,0,0,0
2024-08-14,201.3800048828125,-0.0310349655555765,0,0,0,0,0
2024-08-15,214.13999938964844,0.06336276788880446,0,0,0,0,0
2024-08-16,216.1199951171875,0.009246267550119258,0,0,0,0,0
2024-08-19,222.72000122070313,0.030538618603692225,0,0,0,0,0
2024-08-20,221.10000610351563,-0.007273684933137958,0,0,0,0,0
2024-08-21,223.27000427246094,0.009814554993405888,0,0,0,0,0
2024-08-22,210.66000366210938,-0.056478704568676985,0,0,0,0,0
2024-08-23,220.32000732421875,0.04585589810206048,0,0,0,0,0
2024-08-26,213.2100067138672,-0.0322712435275504,0,0,0,0,0
2024-08-27,209.2100067138672,-0.018760845523390857,0,0,0,0,0
2024-08-28,205.75,-0.01653843794670573,0,0,0,0,0
2024-08-29,206.27999877929688,0.002575935743848623,0,0,0,0,0
2024-08-30,214.11000061035156,0.03795812428442069,0,0,0,0,0
2024-09-03,210.60000610351563,-0.016393416920415627,0,0,0,0,0
2024-09-04,219.41000366210938,0.04183284569452206,0,0,0,0,0
2024-09-05,230.1699981689453,0.04904058305110959,0,0,0,0,0
2024-09-06,210.72999572753906,-0.0844593239607937,0,0,0,0,0
2024-09-09,216.27000427246094,0.026289605928169646,0,0,0,0,0
2024-09-10,226.1699981689453,0.04577608406578748,0,0,0,0,0
2024-09-11,228.1300048828125,0.008666077418469476,0,0,0,0,0
2024-09-12,229.80999755859375,0.007364189890953776,0,0,0,0,0
2024-09-13,230.2899932861328,0.0020886633855721204,0,0,0,0,0
2024-09-16,226.77999877929688,-0.015241628421408637,0,0,0,0,0
2024-09-17,227.8699951171875,0.004806404196833203,0,0,0,0,0
2024-09-18,227.1999969482422,-0.0029402649901351108,0,0,0,0,0
2024-09-19,243.9199981689453,0.07359155565707187,0,0,0,0,0
2024-09-20,238.25,-0.02324531900421767,0,0,0,0,0
2024-09-23,250,0.04931794333683115,0,0,0,0,0
2024-09-24,254.27000427246094,0.017080017089843746,0,0,0,0,0
2024-09-25,257.0199890136719,0.010815214909361437,0,0,0,0,0
2024-09-26,254.22000122070313,-0.01089404681602335,0,0,0,0,0
2024-09-27,260.4599914550781,0.024545630573566513,0,0,0,0,0
2024-09-30,261.6300048828125,0.004492104223754234,0,0,0,0,0
2024-10-01,258.0199890136719,-0.013798172234708361,0,0,0,0,0
2024-10-02,249.02000427246094,-0.03488095932262847,0,0,0,0,0
2024-10-03,240.66000366210938,-0.03357160254966751,0,0,0,0,0
2024-10-04,250.0800018310547,0.03914235030998814,0,0,0,0,0
2024-10-07,240.8300018310547,-0.03698816351676526,0,0,0,0,0
2024-10-08,244.5,0.015238957526229946,0,0,0,0,0
2024-10-09,241.0500030517578,-0.014110416966225725,0,0,0,0,0
2024-10-10,238.77000427246094,-0.009458613360014412,0,0,0,0,0
2024-10-11,217.8000030517578,-0.08782510719719305,0,0,0,0,0
2024-10-14,219.16000366210938,0.00624426350457119,0,0,0,0,0
2024-10-15,219.57000732421875,0.0018707960177875016,0,0,0,0,0
2024-10-16,221.3300018310547,0.008015641700267029,0,0,0,0,0
2024-10-17,220.88999938964844,-0.001987992760882462,0,0,0,0,0
2024-10-18,220.6999969482422,-8.601676940163117e-4,0,0,0,0,0
2024-10-21,218.85000610351563,-0.008382378207102636,0,0,0,0,0
2024-10-22,217.97000122070313,-0.004021041161846095,0,0,0,0,0
2024-10-23,213.64999389648438,-0.019819274670942355,0,0,0,0,0
2024-10-24,260.4800109863281,0.21919035070290427,0,0,0,0,0
2024-10-25,269.19000244140625,0.03343823359841336,0,0,0,0,0
2024-10-28,262.510009765625,-0.024815158866218545,0,0,0,0,0
2024-10-29,259.5199890136719,-0.01139012091242797,0,0,0,0,0
2024-10-30,257.54998779296875,-0.007590942139718337,0,0,0,0,0
2024-10-31,249.85000610351563,-0.029897037679701755,0,0,0,0,0
2024-11-01,248.97999572753906,-0.003482130697311625,0,0,0,0,0
2024-11-04,242.83999633789063,-0.024660613282231236,0,0,0,0,0
2024-11-05,251.44000244140625,0.03541429020427711,0,0,0,0,0
2024-11-06,288.5299987792969,0.14751032444224466,0,0,0,0,0
2024-11-07,296.9100036621094,0.02904379065700735,0,0,0,0,0
2024-11-08,321.2200012207031,0.08187665372925301,0,0,0,0,0
2024-11-11,350,0.08959591143118995,0,0,0,0,0
2024-11-12,328.489990234375,-0.061457170758928537,0,0,0,0,0
2024-11-13,330.239990234375,0.005327407385385952,0,0,0,0,0
2024-11-14,311.17999267578125,-0.05771559508909463,0,0,0,0,0
2024-11-15,320.7200012207031,0.030657525449785616,0,0,0,0,0
2024-11-18,338.739990234375,0.056186046847983784,0,0,0,0,0
2024-11-19,346,0.021432396454288627,0,0,0,0,0
2024-11-20,342.0299987792969,-0.011473991967350106,0,0,0,0,0
2024-11-21,339.6400146484375,-0.006987644766217049,0,0,0,0,0
2024-11-22,352.55999755859375,0.038040225983177356,0,0,0,0,0
2024-11-25,338.5899963378906,-0.039624464821427674,0,0,0,0,0
2024-11-26,338.2300109863281,-0.001063189566898104,0,0,0,0,0
2024-11-27,332.8900146484375,-0.015788061864523528,0,0,0,0,0
2024-11-29,345.1600036621094,0.03685898787510977,0,0,0,0,0
2024-12-02,357.0899963378906,0.034563659025395044,0,0,0,0,0
2024-12-03,351.4200134277344,-0.01587830229999254,0,0,0,0,0
2024-12-04,357.92999267578125,0.018524782309774723,0,0,0,0,0
2024-12-05,369.489990234375,0.03229681165351517,0,0,0,0,0
2024-12-06,389.2200012207031,0.053397958017247005,0,0,0,0,0
2024-12-09,389.7900085449219,0.0014644862094215227,0,0,0,0,0
2024-12-10,400.989990234375,0.02873337295448497,0,0,0,0,0
2024-12-11,424.7699890136719,0.05930322291934931,0,0,0,0,0
2024-12-12,418.1000061035156,-0.015702575706076027,0,0,0,0,0
2024-12-13,436.2300109863281,0.04336284290396253,0,0,0,0,0
2024-12-16,463.0199890136719,0.06141250567967771,0,0,0,0,0
2024-12-17,479.8599853515625,0.036369912179738284,0,0,0,0,0
2024-12-18,440.1300048828125,-0.0827949436951747,0,0,0,0,0
2024-12-19,436.1700134277344,-0.008997322180141931,0,0,0,0,0
2024-12-20,421.05999755859375,-0.034642491239586515,0,0,0,0,0
2024-12-23,430.6000061035156,0.022657123925894362,0,0,0,0,0
2024-12-24,462.2799987792969,0.07357174228224572,0,0,0,0,0
2024-12-26,454.1300048828125,-0.017629994630971146,0,0,0,0,0
2024-12-27,431.6600036621094,-0.04947922616674816,0,0,0,0,0
2024-12-30,417.4100036621094,-0.03301209257078741,0,0,0,0,0
2024-12-31,403.8399963378906,-0.03251001941775111,0,0,0,0,0
2025-01-02,379.2799987792969,-0.06081615932376483,0,0,0,0,0
2025-01-03,410.44000244140625,0.08215567328200035,0,0,0,0,0
2025-01-06,411.04998779296875,0.0014861742226248698,0,0,0,0,0
2025-01-07,394.3599853515625,-0.040603340073111505,0,0,0,0,0
2025-01-08,394.94000244140625,0.0014707807875757872,0,0,0,0,0
2025-01-10,394.739990234375,-5.064369418008585e-4,0,0,0,0,0
2025-01-13,403.30999755859375,0.021710512074366584,0,0,0,0,0
2025-01-14,396.3599853515625,-0.017232432245921525,0,0,0,0,0
2025-01-15,428.2200012207031,0.08038151439752794,0,0,0,0,0
2025-01-16,413.82000732421875,-0.03362756026209679,0,0,0,0,0
2025-01-17,426.5,0.030641323404759335,0,0,0,0,0
2025-01-21,424.07000732421875,-0.00569752092797482,0,0,0,0,0
2025-01-22,415.1099853515625,-0.021128638710367298,0,0,0,0,0
2025-01-23,412.3800048828125,-0.006576523247056931,0,0,0,0,0
2025-01-24,406.5799865722656,-0.014064741844588391,0,0,0,0,0
2025-01-27,397.1499938964844,-0.023193450212053546,0,0,0,0,0
2025-01-28,398.0899963378906,0.0023668700890153715,0,0,0,0,0
2025-01-29,389.1000061035156,-0.02258280870425211,0,0,0,0,0
2025-01-30,400.2799987792969,0.028732954254456988,0,0,0,0,0
2025-01-31,404.6000061035156,0.010792463618949588,0,0,0,0,0
2025-02-03,383.67999267578125,-0.05170542044525339,0,0,0,0,0
2025-02-04,392.2099914550781,0.022232065633156273,0,0,0,0,0
2025-02-05,378.1700134277344,-0.035797094243459227,0,0,0,0,0
2025-02-06,374.32000732421875,-0.010180622383618276,0,0,0,0,0
2025-02-07,361.6199951171875,-0.0339282217314959,0,0,0,0,0
2025-02-10,350.7300109863281,-0.030114441341470455,0,0,0,0,0
2025-02-11,328.5,-0.06338211812502892,0,0,0,0,0
2025-02-12,336.510009765625,0.0243835913717656,0,0,0,0,0
2025-02-13,355.94000244140625,0.05773971683431944,0,0,0,0,0
2025-02-14,355.8399963378906,-2.809633725618932e-4,0,0,0,0,0
2025-02-18,354.1099853515625,-0.004861766535893763,0,0,0,0,0
2025-02-19,360.55999755859375,0.018214714280444966,0,0,0,0,0
2025-02-20,354.3999938964844,-0.01708454543992588,0,0,0,0,0
2025-02-21,337.79998779296875,-0.046839747148427646,0,0,0,0,0
2025-02-24,330.5299987792969,-0.021521578674915554,0,0,0,0,0
2025-02-25,302.79998779296875,-0.0838955952220366,0,0,0,0,0
2025-02-26,290.79998779296875,-0.039630120487999076,0,0,0,0,0
2025-02-27,281.95001220703125,-0.030433204805490277,0,0,0,0,0
2025-02-28,292.9800109863281,0.03912040539724382,0,0,0,0,0
2025-03-03,284.6499938964844,-0.02843203214376444,0,0,0,0,0
2025-03-04,272.0400085449219,-0.04429996705409467,0,0,0,0,0
2025-03-05,279.1000061035156,0.025952056083059283,0,0,0,0,0
2025-03-06,263.45001220703125,-0.056073068986891905,0,0,0,0,0
2025-03-07,262.6700134277344,-0.0029607088371812473,0,0,0,0,0
2025-03-10,222.14999389648438,-0.1542620682219512,0,0,0,0,0
2025-03-11,230.5800018310547,0.037947369642955975,0,0,0,0,0
2025-03-12,248.08999633789063,0.0759389121683911,0,0,0,0,0
2025-03-13,240.67999267578125,-0.02986820819658198,0,0,0,0,0
2025-03-14,249.97999572753906,0.038640532386444715,0,0,0,0,0
2025-03-17,238.00999450683594,-0.04788383640805238,0,0,0,0,0
2025-03-18,225.30999755859375,-0.05335909096824687,0,0,0,0,0
2025-03-19,235.86000061035156,0.046824389357219776,0,0,0,0,0
2025-03-20,236.25999450683594,0.0016958954271570903,0,0,0,0,0
2025-03-21,248.7100067138672,0.05269623506518384,0,0,0,0,0
2025-03-24,278.3900146484375,0.11933580126800525,0,0,0,0,0
2025-03-25,288.1400146484375,0.03502280788451673,0,0,0,0,0
2025-03-26,272.05999755859375,-0.05580626179068926,0,0,0,0,0
2025-03-27,273.1300048828125,0.0039329829222258805,0,0,0,0,0
2025-03-28,263.54998779296875,-0.03507493471452938,0,0,0,0,0
2025-03-31,259.1600036621094,-0.016657121359109794,0,0,0,0,0
2025-04-01,268.4599914550781,0.035885119854736525,0,0,0,0,0
2025-04-02,282.760009765625,0.05326685079977622,0,0,0,0,0
2025-04-03,267.2799987792969,-0.05474611137253549,0,0,0,0,0
2025-04-04,239.42999267578125,-0.10419786826814681,0,0,0,0,0
2025-04-07,233.2899932861328,-0.025644236634809525,0,0,0,0,0
2025-04-08,221.86000061035156,-0.048994783337158565,0,0,0,0,0
2025-04-09,272.20001220703125,0.22689989839624536,0,0,0,0,0
2025-04-10,252.39999389648438,-0.07274069589492627,0,0,0,0,0
2025-04-11,252.30999755859375,-3.5656236159631316e-4,0,0,0,0,0
2025-04-14,252.35000610351563,1.5856900364230597e-4,0,0,0,0,0
2025-04-15,254.11000061035156,0.0069744183248166,0,0,0,0,0
2025-04-16,241.5500030517578,-0.049427403598542585,0,0,0,0,0
2025-04-17,241.3699951171875,-7.452201709629014e-4,0,0,0,0,0
2025-04-21,227.5,-0.05746362595919796,0,0,0,0,0
2025-04-22,237.97000122070313,0.04602198338770602,0,0,0,0,0
2025-04-23,250.74000549316406,0.0536622440095611,0,0,0,0,0
2025-04-24,259.510009765625,0.0349764859229853,0,0,0,0,0
2025-04-25,284.95001220703125,0.09803091011549903,0,0,0,0,0
2025-04-28,285.8800048828125,0.0032637046356942534,0,0,0,0,0
2025-04-29,292.0299987792969,0.021512501019458785,0,0,0,0,0
2025-04-30,282.1600036621094,-0.03379788089732105,0,0,0,0,0
2025-05-01,280.5199890136719,-0.005812356915055328,0,0,0,0,0
2025-05-02,287.2099914550781,0.023848576584252656,0,0,0,0,0
2025-05-05,280.260009765625,-0.024198258752220814,0,0,0,0,0
2025-05-06,275.3500061035156,-0.017519458684867262,0,0,0,0,0
2025-05-07,276.2200012207031,0.003159597232260225,0,0,0,0,0
2025-05-08,284.82000732421875,0.031134624811778533,0,0,0,0,0
2025-05-09,298.260009765625,0.04718770485146129,0,0,0,0,0
2025-05-12,318.3800048828125,0.06745790403815088,0,0,0,0,0
2025-05-13,334.07000732421875,0.049280740626853614,0,0,0,0,0
2025-05-14,347.67999267578125,0.04073991993646375,0,0,0,0,0
2025-05-15,342.82000732421875,-0.013978329078298546,0,0,0,0,0
2025-05-16,349.9800109863281,0.0208856061756566,0,0,0,0,0
2025-05-19,342.0899963378906,-0.022544186527114873,0,0,0,0,0
2025-05-20,343.82000732421875,0.005057180873010214,0,0,0,0,0
2025-05-21,334.6199951171875,-0.026758222357769146,0,0,0,0,0
2025-05-22,341.0400085449219,0.019185982671137136,0,0,0,0,0
2025-05-23,339.3399963378906,-0.004984788190348977,0,0,0,0,0
2025-05-27,362.8900146484375,0.06939947711644767,0,0,0,0,0
2025-05-28,356.8999938964844,-0.016506435862546853,0,0,0,0,0
2025-05-29,358.42999267578125,0.004286911755287504,0,0,0,0,0
2025-05-30,346.4599914550781,-0.03339564619395741,0,0,0,0,0
2025-06-02,342.69000244140625,-0.01088145559849063,0,0,0,0,0
2025-06-03,344.2699890136719,0.004610541775392996,0,0,0,0,0
2025-06-04,332.04998779296875,-0.03549540073392177,0,0,0,0,0
2025-06-05,284.70001220703125,-0.14259893789082123,0,0,0,0,0
2025-06-06,295.1400146484375,0.036670186138995975,0,0,0,0,0
2025-06-09,308.5799865722656,0.04553761352840424,0,0,0,0,0
2025-06-10,326.0899963378906,0.05674382827003055,0,0,0,0,0
2025-06-11,326.42999267578125,0.0010426457165473302,0,0,0,0,0
2025-06-12,319.1099853515625,-0.022424432461661592,0,0,0,0,0
2025-06-13,325.30999755859375,0.019429076154419578,0,0,0,0,0
2025-06-16,329.1300048828125,0.011742668079331553,0,0,0,0,0
2025-06-17,316.3500061035156,-0.03882963749794621,0,0,0,0,0
2025-06-18,322.04998779296875,0.0180179597897272,0,0,0,0,0
2025-06-20,322.1600036621094,3.416111576173275e-4,0,0,0,0,0
2025-06-23,348.67999267578125,0.0823193093872907,0,0,0,0,0
2025-06-24,340.4700012207031,-0.023545920693855638,0,0,0,0,0
2025-06-25,327.54998779296875,-0.037947582404945,0,0,0,0,0
2025-06-26,325.7799987792969,-0.0054037218123500486,0,0,0,0,0
2025-06-27,323.6300048828125,-0.006599526995335614,0,0,0,0,0
2025-06-30,317.6600036621094,-0.018446995428822777,0,0,0,0,0
2025-07-01,300.7099914550781,-0.05335897504131726,0,0,0,0,0
2025-07-02,315.6499938964844,0.04968242780731846,0,0,0,0,0
2025-07-03,315.3500061035156,-9.503811144286889e-4,0,0,0,0,0
2025-07-07,293.94000244140625,-0.06789282780315342,0,0,0,0,0
2025-07-08,297.80999755859375,0.013165935514200422,0,0,0,0,0
2025-07-09,295.8800048828125,-0.0064806174796113725,0,0,0,0,0
2025-07-10,309.8699951171875,0.0472826483827995,0,0,0,0,0
2025-07-11,313.510009765625,0.01174690904506881,0,0,0,0,0
2025-07-14,316.8999938964844,0.010813001260769006,0,0,0,0,0
2025-07-15,310.7799987792969,-0.01931207079538977,0,0,0,0,0
2025-07-16,321.6700134277344,0.03504091219258654,0,0,0,0,0
2025-07-17,319.4100036621094,-0.007025863995037018,0,0,0,0,0
2025-07-18,329.6499938964844,0.03205907804067243,0,0,0,0,0
2025-07-21,328.489990234375,-0.0035188948387289143,0,0,0,0,0
2025-07-22,332.1099853515625,0.0110201078413521,0,0,0,0,0
2025-07-23,332.55999755859375,0.0013550095657464123,0,0,0,0,0
2025-07-24,305.29998779296875,-0.08197020076301287,0,0,0,0,0
2025-07-25,316.05999755859375,0.03524405566934252,0,0,0,0,0
2025-07-28,325.5899963378906,0.030152499060024596,0,0,0,0,0
2025-07-29,321.20001220703125,-0.013483166498468035,0,0,0,0,0
2025-07-30,319.0400085449219,-0.006724793213012448,0,0,0,0,0
2025-07-31,308.2699890136719,-0.03375758288237862,0,0,0,0,0
2025-08-01,302.6300048828125,-0.01829559909125389,0,0,0,0,0
2025-08-04,309.260009765625,0.021907956170373222,0,0,0,0,0
2025-08-05,308.7200012207031,-0.0017461311772288823,0,0,0,0,0
2025-08-06,319.9100036621094,0.03624644466558724,0,0,0,0,0
2025-08-07,322.2699890136719,0.007377028928595486,0,0,0,0,0
2025-08-08,329.6499938964844,0.02290006868278205,0,0,0,0,0
2025-08-11,339.0299987792969,0.02845443669493286,0,0,0,0,0
2025-08-12,340.8399963378906,0.005338753399730889,0,0,0,0,0
2025-08-13,339.3800048828125,-0.004283509772223915,0,0,0,0,0
2025-08-14,335.5799865722656,-0.011196942235471519,0,0,0,0,0
2025-08-15,330.55999755859375,-0.014959143019665277,0,0,0,0,0
2025-08-18,335.1600036621094,0.013915797850586165,0,0,0,0,0
2025-08-19,329.30999755859375,-0.017454368181154756,0,0,0,0,0
2025-08-20,323.8999938964844,-0.016428300696053943,0,0,0,0,0
2025-08-21,320.1099853515625,-0.011701168929731831,0,0,0,0,0
2025-08-22,340.010009765625,0.062166209505171155,0,0,0,0,0
2025-08-25,346.6000061035156,0.019381771561470362,0,0,0,0,0
2025-08-26,351.6700134277344,0.01462783391499567,0,0,0,0,0
2025-08-27,349.6000061035156,-0.0058862207330171445,0,0,0,0,0
2025-08-28,345.9800109863281,-0.010354676927882056,0,0,0,0,0
2025-08-29,333.8699951171875,-0.03500206799409333,0,0,0,0,0
2025-09-02,329.3599853515625,-0.01350828116207925,0,0,0,0,0
2025-09-03,334.0899963378906,0.014361219324440011,0,0,0,0,0
2025-09-04,338.5299987792969,0.01328983953448204,0,0,0,0,0
2025-09-05,350.8399963378906,0.036363092201525005,0,0,0,0,0
2025-09-08,346.3999938964844,-0.01265534855703887,0,0,0,0,0
2025-09-09,346.9700012207031,0.001645517708609212,0,0,0,0,0
2025-09-10,347.7900085449219,0.0023633378140295314,0,0,0,0,0
2025-09-11,368.80999755859375,0.06043873744853956,0,0,0,0,0
2025-09-12,395.94000244140625,0.07356092584909457,0,0,0,0,0
2025-09-15,410.0400085449219,0.03561147147692467,0,0,0,0,0
2025-09-16,421.6199951171875,0.028241113869250656,0,0,0,0,0
2025-09-17,425.8599853515625,0.01005642588937583,0,0,0,0,0
2025-09-18,416.8500061035156,-0.021157139806429193,0,0,0,0,0
2025-09-19,426.07000732421875,0.022118270566640064,0,0,0,0,0
2025-09-22,434.2099914550781,0.019104804353584193,0,0,0,0,0
2025-09-23,425.8500061035156,-0.019253323313789705,0,0,0,0,0
2025-09-24,442.7900085449219,0.03977927016229388,0,0,0,0,0
2025-09-25,423.3900146484375,-0.04381307961359793,0,0,0,0,0
2025-09-26,440.3999938964844,0.0401756741055197,0,0,0,0,0
2025-09-29,443.2099914550781,0.00638055766924972,0,0,0,0,0
2025-09-30,444.7200012207031,0.0034069849388267404,0,0,0,0,0
2025-10-01,459.4599914550781,0.033144428390707636,0,0,0,0,0
2025-10-02,436,-0.051059922281332826,0,0,0,0,0
2025-10-03,429.8299865722656,-0.014151406944344913,0,0,0,0,0
2025-10-06,453.25,0.054486690457546505,0,0,0,0,0
2025-10-07,433.0899963378906,-0.044478772558432134,0,0,0,0,0
2025-10-08,438.69000244140625,0.012930352007360923,0,0,0,0,0
2025-10-09,435.5400085449219,-0.007180455170972544,0,0,0,0,0
2025-10-10,413.489990234375,-0.05062684914805626,0,0,0,0,0
2025-10-13,435.8999938964844,0.054197209585187034,0,0,0,0,0
2025-10-14,429.239990234375,-0.015278742269702716,0,0,0,0,0
2025-10-15,435.1499938964844,0.013768529951932784,0,0,0,0,0
2025-10-16,428.75,-0.01470755828163206,0,0,0,0,0
2025-10-17,439.30999755859375,0.02462973191508744,0,0,0,0,0
2025-10-20,447.42999267578125,0.018483519979771268,0,0,0,0,0
2025-10-21,442.6000061035156,-0.010794954856246153,0,0,0,0,0
2025-10-22,438.9700012207031,-0.008201547294971134,0,0,0,0,0
2025-10-23,448.9800109863281,0.022803402824313368,0,0,0,0,0
2025-10-24,433.7200012207031,-0.03398817183887881,0,0,0,0,0
2025-10-27,452.4200134277344,0.043115401997602554,0,0,0,0,0
2025-10-28,460.54998779296875,0.017969970655449252,0,0,0,0,0
2025-10-29,461.510009765625,0.0020845119924046696,0,0,0,0,0
2025-10-30,440.1000061035156,-0.04639120107705208,0,0,0,0,0
2025-10-31,456.55999755859375,0.03740057084027071,0,0,0,0,0
2025-11-03,468.3699951171875,0.02586735066967427,0,0,0,0,0
2025-11-04,444.260009765625,-0.05147636612701911,0,0,0,0,0
2025-11-05,462.07000732421875,0.040089130615176494,0,0,0,0,0
2025-11-06,445.9100036621094,-0.03497306340156037,0,0,0,0,0
2025-11-07,429.5199890136719,-0.03675632866235745,0,0,0,0,0
2025-11-10,445.2300109863281,0.03657576451501576,0,0,0,0,0
2025-11-11,439.6199951171875,-0.01260026442672324,0,0,0,0,0
2025-11-12,430.6000061035156,-0.02051769508633805,0,0,0,0,0
2025-11-13,401.989990234375,-0.06644220962287406,0,0,0,0,0
2025-11-14,404.3500061035156,0.005870832424868633,0,0,0,0,0
2025-11-17,408.9200134277344,0.011302107716671506,0,0,0,0,0
